timestamp,price_nok_per_kwh
2025-10-13 00:00:00+02:00,0.794535
2025-10-13 01:00:00+02:00,0.804885
2025-10-13 02:00:00+02:00,0.8038500000000001
2025-10-13 03:00:00+02:00,0.7989050000000001
2025-10-13 04:00:00+02:00,0.801665
2025-10-13 05:00:00+02:00,0.795685
2025-10-13 06:00:00+02:00,0.801205
2025-10-13 07:00:00+02:00,0.801665
2025-10-13 08:00:00+02:00,0.804655
2025-10-13 09:00:00+02:00,0.8038500000000001
2025-10-13 10:00:00+02:00,0.793385
2025-10-13 11:00:00+02:00,0.79327
2025-10-13 12:00:00+02:00,0.81052
2025-10-13 13:00:00+02:00,0.806955
2025-10-13 14:00:00+02:00,0.804885
2025-10-13 15:00:00+02:00,0.806265
2025-10-13 16:00:00+02:00,0.815925
2025-10-13 18:00:00+02:00,0.82087
2025-10-13 19:00:00+02:00,0.8340949999999999
2025-10-13 20:00:00+02:00,0.8306450000000001
2025-10-13 21:00:00+02:00,0.85054
2025-10-13 22:00:00+02:00,0.8728500000000001
2025-10-13 23:00:00+02:00,0.88918
2025-10-14 00:00:00+02:00,0.847205
2025-10-14 00:00:00+02:00,0.8597400000000001
2025-10-14 01:00:00+02:00,0.868365
2025-10-14 01:00:00+02:00,0.846745
2025-10-14 02:00:00+02:00,0.845135
2025-10-14 02:00:00+02:00,0.8783699999999999
2025-10-14 03:00:00+02:00,0.8921699999999999
2025-10-14 03:00:00+02:00,0.84387
2025-10-14 04:00:00+02:00,0.8817050000000001
2025-10-14 04:00:00+02:00,0.83237
2025-10-14 05:00:00+02:00,0.95795
2025-10-14 05:00:00+02:00,0.8321399999999999
2025-10-14 06:00:00+02:00,0.998775
2025-10-14 06:00:00+02:00,0.831795
2025-10-14 07:00:00+02:00,1.03638
2025-10-14 07:00:00+02:00,0.831565
2025-10-14 08:00:00+02:00,1.1046900000000002
2025-10-14 08:00:00+02:00,0.827885
2025-10-14 09:00:00+02:00,0.826505
2025-10-14 09:00:00+02:00,1.011885
2025-10-14 10:00:00+02:00,0.8254699999999999
2025-10-14 10:00:00+02:00,0.94231
2025-10-14 11:00:00+02:00,0.94208
2025-10-14 11:00:00+02:00,0.82432
2025-10-14 12:00:00+02:00,0.8292649999999999
2025-10-14 12:00:00+02:00,0.94185
2025-10-14 13:00:00+02:00,0.92667
2025-10-14 14:00:00+02:00,0.82938
2025-10-14 14:00:00+02:00,0.913905
2025-10-14 15:00:00+02:00,0.829955
2025-10-14 15:00:00+02:00,0.89286
2025-10-14 16:00:00+02:00,0.8289200000000001
2025-10-14 16:00:00+02:00,0.939435
2025-10-14 17:00:00+02:00,0.82961
2025-10-14 17:00:00+02:00,0.923795
2025-10-14 18:00:00+02:00,0.91448
2025-10-14 18:00:00+02:00,0.831105
2025-10-14 19:00:00+02:00,0.831795
2025-10-14 19:00:00+02:00,0.90045
2025-10-14 20:00:00+02:00,0.921725
2025-10-14 20:00:00+02:00,0.8219050000000001
2025-10-14 21:00:00+02:00,0.828345
2025-10-14 21:00:00+02:00,0.9025200000000001
2025-10-14 22:00:00+02:00,0.8291499999999999
2025-10-14 22:00:00+02:00,0.8904450000000002
2025-10-14 23:00:00+02:00,0.8321399999999999
2025-10-14 23:00:00+02:00,0.88964
2025-10-15 00:00:00+02:00,0.8322550000000001
2025-10-15 00:00:00+02:00,0.8796349999999998
2025-10-15 00:00:00+02:00,0.805
2025-10-15 01:00:00+02:00,0.8458249999999999
2025-10-15 01:00:00+02:00,0.804885
2025-10-15 01:00:00+02:00,0.8757250000000001
2025-10-15 02:00:00+02:00,0.873655
2025-10-15 02:00:00+02:00,0.869055
2025-10-15 02:00:00+02:00,0.804655
2025-10-15 03:00:00+02:00,0.8045399999999999
2025-10-15 03:00:00+02:00,0.8728500000000001
2025-10-15 03:00:00+02:00,0.889985
2025-10-15 04:00:00+02:00,0.80362
2025-10-15 04:00:00+02:00,0.8643399999999999
2025-10-15 04:00:00+02:00,0.8830850000000001
2025-10-15 05:00:00+02:00,0.8027
2025-10-15 05:00:00+02:00,0.8638800000000001
2025-10-15 05:00:00+02:00,0.9321900000000001
2025-10-15 06:00:00+02:00,0.935755
2025-10-15 06:00:00+02:00,0.8021250000000001
2025-10-15 06:00:00+02:00,0.8621549999999999
2025-10-15 07:00:00+02:00,0.8022400000000001
2025-10-15 07:00:00+02:00,0.8579
2025-10-15 07:00:00+02:00,0.961975
2025-10-15 08:00:00+02:00,1.4708500000000002
2025-10-15 08:00:00+02:00,0.855025
2025-10-15 08:00:00+02:00,0.799365
2025-10-15 09:00:00+02:00,1.4142700000000001
2025-10-15 09:00:00+02:00,0.7991349999999999
2025-10-15 09:00:00+02:00,0.8570949999999999
2025-10-15 10:00:00+02:00,0.79902
2025-10-15 10:00:00+02:00,1.345845
2025-10-15 10:00:00+02:00,0.8621549999999999
2025-10-15 11:00:00+02:00,0.86342
2025-10-15 11:00:00+02:00,0.7989050000000001
2025-10-15 11:00:00+02:00,1.302605
2025-10-15 12:00:00+02:00,0.798675
2025-10-15 12:00:00+02:00,1.361255
2025-10-15 12:00:00+02:00,0.8712400000000001
2025-10-15 13:00:00+02:00,0.869975
2025-10-15 13:00:00+02:00,0.7984450000000001
2025-10-15 13:00:00+02:00,1.203935
2025-10-15 14:00:00+02:00,0.871815
2025-10-15 14:00:00+02:00,0.797985
2025-10-15 14:00:00+02:00,1.105955
2025-10-15 15:00:00+02:00,0.7972950000000001
2025-10-15 15:00:00+02:00,1.02718
2025-10-15 15:00:00+02:00,0.8726199999999998
2025-10-15 16:00:00+02:00,0.79764
2025-10-15 16:00:00+02:00,0.8731950000000002
2025-10-15 16:00:00+02:00,1.60885
2025-10-15 17:00:00+02:00,0.880095
2025-10-15 17:00:00+02:00,1.270405
2025-10-15 17:00:00+02:00,0.7968350000000001
2025-10-15 18:00:00+02:00,1.126885
2025-10-15 18:00:00+02:00,0.881015
2025-10-15 18:00:00+02:00,0.7955700000000001
2025-10-15 19:00:00+02:00,0.7951100000000001
2025-10-15 19:00:00+02:00,0.9838250000000001
2025-10-15 19:00:00+02:00,0.8825099999999999
2025-10-15 20:00:00+02:00,0.932075
2025-10-15 20:00:00+02:00,0.870435
2025-10-15 20:00:00+02:00,0.79603
2025-10-15 21:00:00+02:00,0.800975
2025-10-15 21:00:00+02:00,0.919195
2025-10-15 21:00:00+02:00,0.872045
2025-10-15 22:00:00+02:00,0.9425399999999999
2025-10-15 22:00:00+02:00,0.803045
2025-10-15 22:00:00+02:00,0.8798650000000001
2025-10-15 23:00:00+02:00,0.8658350000000001
2025-10-15 23:00:00+02:00,0.804425
2025-10-15 23:00:00+02:00,0.977385
2025-10-16 00:00:00+02:00,0.917815
2025-10-16 00:00:00+02:00,0.8021250000000001
2025-10-16 00:00:00+02:00,0.93242
2025-10-16 00:00:00+02:00,0.804885
2025-10-16 01:00:00+02:00,0.9269
2025-10-16 01:00:00+02:00,0.78545
2025-10-16 01:00:00+02:00,0.80638
2025-10-16 01:00:00+02:00,0.96485
2025-10-16 02:00:00+02:00,0.9661150000000001
2025-10-16 02:00:00+02:00,0.9186199999999999
2025-10-16 02:00:00+02:00,0.820755
2025-10-16 02:00:00+02:00,0.7844149999999999
2025-10-16 03:00:00+02:00,0.9662299999999999
2025-10-16 03:00:00+02:00,0.8322550000000001
2025-10-16 03:00:00+02:00,0.907465
2025-10-16 03:00:00+02:00,0.782115
2025-10-16 04:00:00+02:00,0.8716999999999999
2025-10-16 04:00:00+02:00,0.778205
2025-10-16 04:00:00+02:00,0.85744
2025-10-16 04:00:00+02:00,0.9666899999999999
2025-10-16 05:00:00+02:00,0.944265
2025-10-16 05:00:00+02:00,0.8710100000000001
2025-10-16 05:00:00+02:00,0.776595
2025-10-16 06:00:00+02:00,0.774755
2025-10-16 06:00:00+02:00,1.06283
2025-10-16 06:00:00+02:00,0.966575
2025-10-16 06:00:00+02:00,0.8700899999999999
2025-10-16 07:00:00+02:00,0.9662299999999999
2025-10-16 07:00:00+02:00,0.868135
2025-10-16 07:00:00+02:00,1.099975
2025-10-16 07:00:00+02:00,0.7725700000000001
2025-10-16 08:00:00+02:00,0.88941
2025-10-16 08:00:00+02:00,0.78062
2025-10-16 08:00:00+02:00,1.259825
2025-10-16 08:00:00+02:00,0.872045
2025-10-16 09:00:00+02:00,0.87147
2025-10-16 09:00:00+02:00,1.1109
2025-10-16 09:00:00+02:00,0.87929
2025-10-16 09:00:00+02:00,0.7791250000000001
2025-10-16 10:00:00+02:00,0.860315
2025-10-16 10:00:00+02:00,0.77832
2025-10-16 10:00:00+02:00,0.96117
2025-10-16 10:00:00+02:00,0.8703200000000001
2025-10-16 11:00:00+02:00,0.7760199999999999
2025-10-16 11:00:00+02:00,0.8624999999999999
2025-10-16 11:00:00+02:00,0.8708950000000001
2025-10-16 11:00:00+02:00,0.856635
2025-10-16 12:00:00+02:00,0.9482899999999999
2025-10-16 12:00:00+02:00,0.8601999999999999
2025-10-16 12:00:00+02:00,0.77234
2025-10-16 12:00:00+02:00,0.8786000000000002
2025-10-16 13:00:00+02:00,0.856635
2025-10-16 13:00:00+02:00,0.87722
2025-10-16 13:00:00+02:00,0.7707299999999999
2025-10-16 13:00:00+02:00,0.8624999999999999
2025-10-16 14:00:00+02:00,0.8441000000000001
2025-10-16 14:00:00+02:00,0.87929
2025-10-16 14:00:00+02:00,0.8556000000000001
2025-10-16 15:00:00+02:00,0.7705000000000001
2025-10-16 15:00:00+02:00,0.84203
2025-10-16 15:00:00+02:00,0.96025
2025-10-16 15:00:00+02:00,0.8543350000000001
2025-10-16 16:00:00+02:00,0.8614649999999999
2025-10-16 16:00:00+02:00,0.83605
2025-10-16 16:00:00+02:00,0.7668200000000001
2025-10-16 16:00:00+02:00,0.932075
2025-10-16 17:00:00+02:00,0.961745
2025-10-16 17:00:00+02:00,0.859165
2025-10-16 17:00:00+02:00,0.77004
2025-10-16 17:00:00+02:00,0.83237
2025-10-16 18:00:00+02:00,0.8559450000000001
2025-10-16 18:00:00+02:00,0.77234
2025-10-16 18:00:00+02:00,1.05616
2025-10-16 18:00:00+02:00,0.831795
2025-10-16 19:00:00+02:00,0.7745249999999999
2025-10-16 19:00:00+02:00,0.8253550000000001
2025-10-16 19:00:00+02:00,1.4918949999999997
2025-10-16 19:00:00+02:00,0.8533000000000001
2025-10-16 20:00:00+02:00,0.8147749999999999
2025-10-16 20:00:00+02:00,0.76245
2025-10-16 20:00:00+02:00,1.18427
2025-10-16 20:00:00+02:00,0.83697
2025-10-16 21:00:00+02:00,0.81052
2025-10-16 21:00:00+02:00,1.28685
2025-10-16 21:00:00+02:00,0.8324849999999999
2025-10-16 21:00:00+02:00,0.763025
2025-10-16 22:00:00+02:00,0.76636
2025-10-16 22:00:00+02:00,0.8077599999999999
2025-10-16 22:00:00+02:00,0.829955
2025-10-16 22:00:00+02:00,1.635185
2025-10-16 23:00:00+02:00,2.7880599999999998
2025-10-16 23:00:00+02:00,0.7626799999999999
2025-10-16 23:00:00+02:00,0.8292649999999999
2025-10-16 23:00:00+02:00,0.805
2025-10-17 00:00:00+02:00,0.7481900000000001
2025-10-17 00:00:00+02:00,0.790625
2025-10-17 00:00:00+02:00,1.7013099999999999
2025-10-17 00:00:00+02:00,0.817765
2025-10-17 01:00:00+02:00,0.81443
2025-10-17 01:00:00+02:00,0.7884399999999999
2025-10-17 01:00:00+02:00,2.344965
2025-10-17 01:00:00+02:00,0.761415
2025-10-17 02:00:00+02:00,3.1749199999999997
2025-10-17 02:00:00+02:00,0.78706
2025-10-17 02:00:00+02:00,0.7618750000000001
2025-10-17 02:00:00+02:00,0.8140850000000001
2025-10-17 03:00:00+02:00,0.7856799999999999
2025-10-17 03:00:00+02:00,0.77096
2025-10-17 03:00:00+02:00,0.813395
2025-10-17 03:00:00+02:00,3.416075
2025-10-17 04:00:00+02:00,0.7757899999999999
2025-10-17 04:00:00+02:00,0.805115
2025-10-17 04:00:00+02:00,0.787635
2025-10-17 04:00:00+02:00,3.2032100000000003
2025-10-17 05:00:00+02:00,0.805
2025-10-17 05:00:00+02:00,0.7867149999999999
2025-10-17 05:00:00+02:00,2.844065
2025-10-17 05:00:00+02:00,0.7794700000000001
2025-10-17 06:00:00+02:00,0.786025
2025-10-17 06:00:00+02:00,0.786255
2025-10-17 06:00:00+02:00,2.35819
2025-10-17 07:00:00+02:00,0.8006300000000001
2025-10-17 07:00:00+02:00,0.78591
2025-10-17 07:00:00+02:00,0.804885
2025-10-17 07:00:00+02:00,1.83678
2025-10-17 08:00:00+02:00,0.8166150000000001
2025-10-17 08:00:00+02:00,1.99387
2025-10-17 08:00:00+02:00,0.7832650000000001
2025-10-17 08:00:00+02:00,0.80178
2025-10-17 09:00:00+02:00,1.3220399999999999
2025-10-17 09:00:00+02:00,0.78361
2025-10-17 09:00:00+02:00,0.8185700000000001
2025-10-17 09:00:00+02:00,0.803045
2025-10-17 10:00:00+02:00,0.81052
2025-10-17 10:00:00+02:00,0.9682999999999999
2025-10-17 10:00:00+02:00,0.78384
2025-10-17 10:00:00+02:00,0.8045399999999999
2025-10-17 11:00:00+02:00,0.7866000000000001
2025-10-17 11:00:00+02:00,0.805
2025-10-17 11:00:00+02:00,0.856635
2025-10-17 11:00:00+02:00,0.784645
2025-10-17 12:00:00+02:00,0.78637
2025-10-17 12:00:00+02:00,0.8622700000000001
2025-10-17 12:00:00+02:00,0.97106
2025-10-17 12:00:00+02:00,0.824205
2025-10-17 13:00:00+02:00,0.907695
2025-10-17 13:00:00+02:00,0.8291499999999999
2025-10-17 13:00:00+02:00,0.8304149999999999
2025-10-17 13:00:00+02:00,0.7872899999999999
2025-10-17 14:00:00+02:00,0.7877500000000001
2025-10-17 14:00:00+02:00,0.8024699999999999
2025-10-17 14:00:00+02:00,0.83191
2025-10-17 14:00:00+02:00,0.83812
2025-10-17 15:00:00+02:00,0.833405
2025-10-17 15:00:00+02:00,0.787405
2025-10-17 15:00:00+02:00,0.799595
2025-10-17 15:00:00+02:00,0.832945
2025-10-17 16:00:00+02:00,0.83191
2025-10-17 16:00:00+02:00,0.795685
2025-10-17 16:00:00+02:00,0.786255
2025-10-17 16:00:00+02:00,0.84525
2025-10-17 17:00:00+02:00,0.8324849999999999
2025-10-17 17:00:00+02:00,0.7968350000000001
2025-10-17 17:00:00+02:00,0.83283
2025-10-17 17:00:00+02:00,0.786025
2025-10-17 18:00:00+02:00,0.8324849999999999
2025-10-17 18:00:00+02:00,0.7971799999999999
2025-10-17 18:00:00+02:00,0.7856799999999999
2025-10-17 18:00:00+02:00,0.83513
2025-10-17 19:00:00+02:00,0.838925
2025-10-17 19:00:00+02:00,0.83191
2025-10-17 19:00:00+02:00,0.798675
2025-10-17 20:00:00+02:00,0.8354750000000001
2025-10-17 20:00:00+02:00,0.7968350000000001
2025-10-17 20:00:00+02:00,0.835705
2025-10-17 21:00:00+02:00,0.8340949999999999
2025-10-17 21:00:00+02:00,0.8392700000000001
2025-10-17 21:00:00+02:00,0.785795
2025-10-17 21:00:00+02:00,0.7972950000000001
2025-10-17 22:00:00+02:00,0.8535299999999999
2025-10-17 22:00:00+02:00,0.8326000000000001
2025-10-17 22:00:00+02:00,0.800285
2025-10-17 23:00:00+02:00,0.8004
2025-10-17 23:00:00+02:00,0.783725
2025-10-17 23:00:00+02:00,0.83191
2025-10-17 23:00:00+02:00,0.8568650000000001
2025-10-18 00:00:00+02:00,0.79741
2025-10-18 00:00:00+02:00,0.7622200000000001
2025-10-18 00:00:00+02:00,0.82777
2025-10-18 00:00:00+02:00,0.850425
2025-10-18 01:00:00+02:00,0.760955
2025-10-18 01:00:00+02:00,0.82731
2025-10-18 01:00:00+02:00,0.802815
2025-10-18 01:00:00+02:00,0.85744
2025-10-18 02:00:00+02:00,0.826505
2025-10-18 02:00:00+02:00,0.8082199999999999
2025-10-18 02:00:00+02:00,0.75739
2025-10-18 02:00:00+02:00,0.862385
2025-10-18 03:00:00+02:00,0.8621549999999999
2025-10-18 03:00:00+02:00,0.81535
2025-10-18 03:00:00+02:00,0.75417
2025-10-18 03:00:00+02:00,0.826045
2025-10-18 04:00:00+02:00,0.8136249999999999
2025-10-18 04:00:00+02:00,0.771765
2025-10-18 04:00:00+02:00,0.835245
2025-10-18 04:00:00+02:00,0.82777
2025-10-18 05:00:00+02:00,0.768545
2025-10-18 05:00:00+02:00,0.817305
2025-10-18 05:00:00+02:00,0.82731
2025-10-18 05:00:00+02:00,0.83398
2025-10-18 06:00:00+02:00,0.8307599999999999
2025-10-18 06:00:00+02:00,0.8268500000000001
2025-10-18 06:00:00+02:00,0.832715
2025-10-18 06:00:00+02:00,0.76935
2025-10-18 07:00:00+02:00,0.77119
2025-10-18 07:00:00+02:00,0.8554849999999999
2025-10-18 07:00:00+02:00,0.831565
2025-10-18 07:00:00+02:00,0.826275
2025-10-18 08:00:00+02:00,0.843065
2025-10-18 08:00:00+02:00,0.83191
2025-10-18 08:00:00+02:00,0.76061
2025-10-18 08:00:00+02:00,0.8257
2025-10-18 09:00:00+02:00,0.82501
2025-10-18 09:00:00+02:00,0.8372
2025-10-18 09:00:00+02:00,0.844215
2025-10-18 09:00:00+02:00,0.7617599999999999
2025-10-18 10:00:00+02:00,0.82455
2025-10-18 10:00:00+02:00,0.83398
2025-10-18 10:00:00+02:00,0.76245
2025-10-18 10:00:00+02:00,0.845135
2025-10-18 11:00:00+02:00,0.823975
2025-10-18 11:00:00+02:00,0.8324849999999999
2025-10-18 11:00:00+02:00,0.773835
2025-10-18 11:00:00+02:00,0.8461699999999999
2025-10-18 12:00:00+02:00,0.7622200000000001
2025-10-18 12:00:00+02:00,0.847665
2025-10-18 12:00:00+02:00,0.824895
2025-10-18 12:00:00+02:00,0.843065
2025-10-18 13:00:00+02:00,0.8462850000000001
2025-10-18 13:00:00+02:00,0.82432
2025-10-18 13:00:00+02:00,0.7744099999999999
2025-10-18 13:00:00+02:00,0.8372
2025-10-18 14:00:00+02:00,0.84548
2025-10-18 14:00:00+02:00,0.83559
2025-10-18 14:00:00+02:00,0.823975
2025-10-18 14:00:00+02:00,0.78499
2025-10-18 15:00:00+02:00,0.846055
2025-10-18 15:00:00+02:00,0.8233999999999999
2025-10-18 15:00:00+02:00,0.7851049999999999
2025-10-18 15:00:00+02:00,0.83306
2025-10-18 16:00:00+02:00,0.8466300000000001
2025-10-18 16:00:00+02:00,0.822825
2025-10-18 16:00:00+02:00,0.83881
2025-10-18 16:00:00+02:00,0.7556649999999999
2025-10-18 17:00:00+02:00,0.8445599999999999
2025-10-18 17:00:00+02:00,0.82248
2025-10-18 17:00:00+02:00,0.785565
2025-10-18 17:00:00+02:00,0.83605
2025-10-18 18:00:00+02:00,0.840075
2025-10-18 18:00:00+02:00,0.8217899999999999
2025-10-18 18:00:00+02:00,0.835245
2025-10-18 18:00:00+02:00,0.7856799999999999
2025-10-18 19:00:00+02:00,0.82639
2025-10-18 19:00:00+02:00,0.8338650000000001
2025-10-18 19:00:00+02:00,0.82133
2025-10-18 20:00:00+02:00,0.8326000000000001
2025-10-18 20:00:00+02:00,0.8474349999999999
2025-10-18 20:00:00+02:00,0.82639
2025-10-18 20:00:00+02:00,0.773145
2025-10-18 21:00:00+02:00,0.826275
2025-10-18 21:00:00+02:00,0.8464
2025-10-18 21:00:00+02:00,0.8285750000000001
2025-10-18 21:00:00+02:00,0.776595
2025-10-18 22:00:00+02:00,0.82639
2025-10-18 22:00:00+02:00,0.845365
2025-10-18 22:00:00+02:00,0.82133
2025-10-18 22:00:00+02:00,0.7936150000000001
2025-10-18 23:00:00+02:00,0.8124750000000001
2025-10-18 23:00:00+02:00,0.828345
2025-10-19 00:00:00+02:00,0.7818849999999999
2025-10-19 00:00:00+02:00,0.81742
2025-10-19 00:00:00+02:00,0.840765
2025-10-19 00:00:00+02:00,0.8340949999999999
2025-10-19 01:00:00+02:00,0.7834949999999999
2025-10-19 01:00:00+02:00,0.83536
2025-10-19 01:00:00+02:00,0.8148900000000001
2025-10-19 01:00:00+02:00,0.84686
2025-10-19 02:00:00+02:00,0.81397
2025-10-19 02:00:00+02:00,0.835015
2025-10-19 02:00:00+02:00,0.79166
2025-10-19 02:00:00+02:00,0.85123
2025-10-19 03:00:00+02:00,0.83605
2025-10-19 03:00:00+02:00,0.856635
2025-10-19 03:00:00+02:00,0.8131649999999999
2025-10-19 03:00:00+02:00,0.810635
2025-10-19 04:00:00+02:00,0.8659499999999999
2025-10-19 04:00:00+02:00,0.78016
2025-10-19 04:00:00+02:00,0.797755
2025-10-19 04:00:00+02:00,0.8255850000000001
2025-10-19 05:00:00+02:00,0.7799299999999999
2025-10-19 05:00:00+02:00,0.808795
2025-10-19 05:00:00+02:00,0.8253550000000001
2025-10-19 05:00:00+02:00,0.8711249999999999
2025-10-19 06:00:00+02:00,0.7797
2025-10-19 06:00:00+02:00,0.812015
2025-10-19 06:00:00+02:00,0.8572100000000001
2025-10-19 06:00:00+02:00,0.82501
2025-10-19 07:00:00+02:00,0.801435
2025-10-19 07:00:00+02:00,0.7794700000000001
2025-10-19 07:00:00+02:00,0.823975
2025-10-19 07:00:00+02:00,0.862385
2025-10-19 08:00:00+02:00,0.7713049999999999
2025-10-19 08:00:00+02:00,0.8129350000000001
2025-10-19 08:00:00+02:00,0.8672149999999998
2025-10-19 08:00:00+02:00,0.8130499999999999
2025-10-19 09:00:00+02:00,0.789475
2025-10-19 09:00:00+02:00,0.814315
2025-10-19 09:00:00+02:00,0.771075
2025-10-19 09:00:00+02:00,0.870665
2025-10-19 10:00:00+02:00,0.801665
2025-10-19 10:00:00+02:00,0.8731950000000002
2025-10-19 10:00:00+02:00,0.81466
2025-10-19 10:00:00+02:00,0.77096
2025-10-19 11:00:00+02:00,0.7708450000000001
2025-10-19 11:00:00+02:00,0.792005
2025-10-19 11:00:00+02:00,0.81558
2025-10-19 11:00:00+02:00,0.8798650000000001
2025-10-19 12:00:00+02:00,0.79833
2025-10-19 12:00:00+02:00,0.7668200000000001
2025-10-19 12:00:00+02:00,0.8779100000000001
2025-10-19 12:00:00+02:00,0.805
2025-10-19 13:00:00+02:00,0.7667050000000001
2025-10-19 13:00:00+02:00,0.880555
2025-10-19 13:00:00+02:00,0.810405
2025-10-19 13:00:00+02:00,0.78637
2025-10-19 14:00:00+02:00,0.81397
2025-10-19 14:00:00+02:00,0.785795
2025-10-19 14:00:00+02:00,0.76797
2025-10-19 14:00:00+02:00,0.8796349999999998
2025-10-19 15:00:00+02:00,0.7843
2025-10-19 15:00:00+02:00,0.767855
2025-10-19 15:00:00+02:00,0.8181099999999999
2025-10-19 15:00:00+02:00,0.8362799999999999
2025-10-19 16:00:00+02:00,0.8930899999999999
2025-10-19 16:00:00+02:00,0.7777449999999999
2025-10-19 16:00:00+02:00,0.7866000000000001
2025-10-19 16:00:00+02:00,0.820295
2025-10-19 17:00:00+02:00,0.790395
2025-10-19 17:00:00+02:00,0.82869
2025-10-19 17:00:00+02:00,0.89125
2025-10-19 18:00:00+02:00,0.77763
2025-10-19 18:00:00+02:00,0.7981
2025-10-19 18:00:00+02:00,0.83145
2025-10-19 18:00:00+02:00,0.8905599999999999
2025-10-19 19:00:00+02:00,0.8466300000000001
2025-10-19 19:00:00+02:00,0.7901649999999999
2025-10-19 19:00:00+02:00,0.851
2025-10-19 20:00:00+02:00,0.7728000000000002
2025-10-19 20:00:00+02:00,0.880555
2025-10-19 20:00:00+02:00,0.829725
2025-10-19 20:00:00+02:00,0.79488
2025-10-19 21:00:00+02:00,0.87354
2025-10-19 21:00:00+02:00,0.7725700000000001
2025-10-19 21:00:00+02:00,0.7914299999999999
2025-10-19 21:00:00+02:00,0.8378899999999999
2025-10-19 22:00:00+02:00,0.83904
2025-10-19 22:00:00+02:00,0.789705
2025-10-19 22:00:00+02:00,0.77234
2025-10-19 22:00:00+02:00,0.864915
2025-10-19 23:00:00+02:00,0.7721100000000001
2025-10-19 23:00:00+02:00,0.787175
2025-10-19 23:00:00+02:00,0.84525
2025-10-19 23:00:00+02:00,0.8130499999999999
2025-10-20 00:00:00+02:00,0.64538
2025-10-20 00:00:00+02:00,0.76636
2025-10-20 00:00:00+02:00,0.8624999999999999
2025-10-20 00:00:00+02:00,0.84364
2025-10-20 01:00:00+02:00,0.83904
2025-10-20 01:00:00+02:00,0.845365
2025-10-20 01:00:00+02:00,0.766015
2025-10-20 01:00:00+02:00,0.68034
2025-10-20 02:00:00+02:00,0.679075
2025-10-20 02:00:00+02:00,0.76567
2025-10-20 02:00:00+02:00,0.794765
2025-10-20 02:00:00+02:00,0.846975
2025-10-20 03:00:00+02:00,0.646875
2025-10-20 03:00:00+02:00,0.7655549999999999
2025-10-20 03:00:00+02:00,0.7744099999999999
2025-10-20 03:00:00+02:00,0.8498500000000001
2025-10-20 04:00:00+02:00,0.763255
2025-10-20 04:00:00+02:00,0.65596
2025-10-20 04:00:00+02:00,0.828115
2025-10-20 04:00:00+02:00,0.7683150000000001
2025-10-20 05:00:00+02:00,0.8271950000000001
2025-10-20 05:00:00+02:00,0.64193
2025-10-20 05:00:00+02:00,0.7682
2025-10-20 05:00:00+02:00,0.75325
2025-10-20 06:00:00+02:00,0.7683150000000001
2025-10-20 06:00:00+02:00,0.823975
2025-10-20 06:00:00+02:00,0.628015
2025-10-20 07:00:00+02:00,0.7688900000000001
2025-10-20 07:00:00+02:00,0.6239899999999999
2025-10-20 07:00:00+02:00,0.820985
2025-10-20 07:00:00+02:00,0.760725
2025-10-20 08:00:00+02:00,0.6446900000000001
2025-10-20 08:00:00+02:00,0.778205
2025-10-20 08:00:00+02:00,0.817305
2025-10-20 08:00:00+02:00,0.7654400000000001
2025-10-20 09:00:00+02:00,0.778895
2025-10-20 09:00:00+02:00,0.8131649999999999
2025-10-20 09:00:00+02:00,0.6293949999999999
2025-10-20 09:00:00+02:00,0.7769400000000001
2025-10-20 10:00:00+02:00,0.61755
2025-10-20 10:00:00+02:00,0.777975
2025-10-20 10:00:00+02:00,0.80132
2025-10-20 10:00:00+02:00,0.81029
2025-10-20 11:00:00+02:00,0.806955
2025-10-20 11:00:00+02:00,0.8568650000000001
2025-10-20 11:00:00+02:00,0.77487
2025-10-20 11:00:00+02:00,0.596735
2025-10-20 12:00:00+02:00,0.8188
2025-10-20 12:00:00+02:00,0.81903
2025-10-20 12:00:00+02:00,0.79649
2025-10-20 12:00:00+02:00,0.62813
2025-10-20 13:00:00+02:00,0.608235
2025-10-20 13:00:00+02:00,0.855025
2025-10-20 13:00:00+02:00,0.81466
2025-10-20 13:00:00+02:00,0.787865
2025-10-20 14:00:00+02:00,0.811785
2025-10-20 14:00:00+02:00,0.85905
2025-10-20 14:00:00+02:00,0.7791250000000001
2025-10-20 14:00:00+02:00,0.598115
2025-10-20 15:00:00+02:00,0.8600850000000001
2025-10-20 15:00:00+02:00,0.7673949999999999
2025-10-20 15:00:00+02:00,0.808565
2025-10-20 15:00:00+02:00,0.5888
2025-10-20 16:00:00+02:00,0.7691199999999999
2025-10-20 16:00:00+02:00,0.5928249999999999
2025-10-20 16:00:00+02:00,0.8285750000000001
2025-10-20 16:00:00+02:00,0.80868
2025-10-20 17:00:00+02:00,0.6196200000000001
2025-10-20 17:00:00+02:00,0.823975
2025-10-20 17:00:00+02:00,0.87193
2025-10-20 17:00:00+02:00,0.763945
2025-10-20 18:00:00+02:00,0.6343399999999999
2025-10-20 18:00:00+02:00,0.820985
2025-10-20 18:00:00+02:00,0.75785
2025-10-20 18:00:00+02:00,0.8783699999999999
2025-10-20 19:00:00+02:00,0.817305
2025-10-20 19:00:00+02:00,0.64837
2025-10-20 19:00:00+02:00,0.666425
2025-10-20 19:00:00+02:00,0.9063150000000001
2025-10-20 20:00:00+02:00,0.750605
2025-10-20 20:00:00+02:00,0.63664
2025-10-20 20:00:00+02:00,0.81719
2025-10-20 20:00:00+02:00,0.8662949999999999
2025-10-20 21:00:00+02:00,0.87515
2025-10-20 21:00:00+02:00,0.6716
2025-10-20 21:00:00+02:00,0.6659649999999999
2025-10-20 21:00:00+02:00,0.814315
2025-10-20 22:00:00+02:00,0.63089
2025-10-20 22:00:00+02:00,0.81167
2025-10-20 22:00:00+02:00,0.680685
2025-10-20 22:00:00+02:00,0.8995299999999999
2025-10-20 23:00:00+02:00,0.68057
2025-10-20 23:00:00+02:00,0.9073500000000001
2025-10-20 23:00:00+02:00,0.59294
2025-10-20 23:00:00+02:00,0.8075300000000001
2025-10-21 00:00:00+02:00,0.6793049999999999
2025-10-21 00:00:00+02:00,0.578105
2025-10-21 00:00:00+02:00,0.8946999999999999
2025-10-21 00:00:00+02:00,0.58742
2025-10-21 01:00:00+02:00,0.53176
2025-10-21 01:00:00+02:00,0.687585
2025-10-21 01:00:00+02:00,0.90022
2025-10-21 01:00:00+02:00,0.6290500000000001
2025-10-21 02:00:00+02:00,0.61939
2025-10-21 02:00:00+02:00,0.700925
2025-10-21 02:00:00+02:00,0.9063150000000001
2025-10-21 02:00:00+02:00,0.44654499999999997
2025-10-21 03:00:00+02:00,0.334995
2025-10-21 03:00:00+02:00,0.5745399999999999
2025-10-21 03:00:00+02:00,0.9066600000000001
2025-10-21 03:00:00+02:00,0.717025
2025-10-21 04:00:00+02:00,0.91103
2025-10-21 04:00:00+02:00,0.617895
2025-10-21 04:00:00+02:00,0.37351999999999996
2025-10-21 04:00:00+02:00,0.77165
2025-10-21 05:00:00+02:00,0.9121799999999999
2025-10-21 05:00:00+02:00,0.34396499999999997
2025-10-21 05:00:00+02:00,0.7885549999999999
2025-10-21 05:00:00+02:00,0.56074
2025-10-21 06:00:00+02:00,0.80569
2025-10-21 06:00:00+02:00,0.344885
2025-10-21 06:00:00+02:00,0.504505
2025-10-21 06:00:00+02:00,0.9071199999999999
2025-10-21 07:00:00+02:00,0.377085
2025-10-21 07:00:00+02:00,0.42251
2025-10-21 07:00:00+02:00,0.907235
2025-10-21 07:00:00+02:00,0.80799
2025-10-21 08:00:00+02:00,0.9066600000000001
2025-10-21 08:00:00+02:00,0.9065449999999999
2025-10-21 08:00:00+02:00,0.517385
2025-10-21 08:00:00+02:00,0.4626449999999999
2025-10-21 09:00:00+02:00,0.40963
2025-10-21 09:00:00+02:00,0.49496
2025-10-21 09:00:00+02:00,0.9065449999999999
2025-10-21 10:00:00+02:00,0.9067749999999999
2025-10-21 10:00:00+02:00,0.36616
2025-10-21 10:00:00+02:00,0.9064299999999998
2025-10-21 10:00:00+02:00,0.5658
2025-10-21 11:00:00+02:00,0.23713
2025-10-21 11:00:00+02:00,0.9047050000000001
2025-10-21 11:00:00+02:00,0.62307
2025-10-21 11:00:00+02:00,0.9028650000000001
2025-10-21 12:00:00+02:00,0.377775
2025-10-21 12:00:00+02:00,0.8674450000000001
2025-10-21 12:00:00+02:00,0.9355249999999999
2025-10-21 12:00:00+02:00,0.622955
2025-10-21 13:00:00+02:00,0.861925
2025-10-21 13:00:00+02:00,0.26565000000000005
2025-10-21 13:00:00+02:00,0.935065
2025-10-21 13:00:00+02:00,0.66907
2025-10-21 14:00:00+02:00,0.20711500000000002
2025-10-21 14:00:00+02:00,0.910455
2025-10-21 14:00:00+02:00,0.7357699999999999
2025-10-21 14:00:00+02:00,0.8301850000000001
2025-10-21 15:00:00+02:00,0.790855
2025-10-21 15:00:00+02:00,0.201595
2025-10-21 15:00:00+02:00,0.8995299999999999
2025-10-21 15:00:00+02:00,0.759345
2025-10-21 16:00:00+02:00,0.23977500000000002
2025-10-21 16:00:00+02:00,0.79465
2025-10-21 16:00:00+02:00,0.70357
2025-10-21 16:00:00+02:00,0.8708950000000001
2025-10-21 17:00:00+02:00,0.78246
2025-10-21 17:00:00+02:00,0.863765
2025-10-21 17:00:00+02:00,0.247825
2025-10-21 17:00:00+02:00,0.761645
2025-10-21 18:00:00+02:00,0.768545
2025-10-21 18:00:00+02:00,0.85836
2025-10-21 18:00:00+02:00,0.7454299999999998
2025-10-21 18:00:00+02:00,0.36294
2025-10-21 19:00:00+02:00,0.7002349999999999
2025-10-21 19:00:00+02:00,0.43803500000000006
2025-10-21 19:00:00+02:00,0.84962
2025-10-21 19:00:00+02:00,0.77809
2025-10-21 20:00:00+02:00,0.73094
2025-10-21 20:00:00+02:00,0.51911
2025-10-21 20:00:00+02:00,0.8354750000000001
2025-10-21 20:00:00+02:00,0.78407
2025-10-21 21:00:00+02:00,0.714955
2025-10-21 21:00:00+02:00,0.56902
2025-10-21 21:00:00+02:00,0.829035
2025-10-21 21:00:00+02:00,0.7987899999999999
2025-10-21 22:00:00+02:00,0.82616
2025-10-21 22:00:00+02:00,0.803275
2025-10-21 22:00:00+02:00,0.698395
2025-10-21 22:00:00+02:00,0.622265
2025-10-21 23:00:00+02:00,0.804885
2025-10-21 23:00:00+02:00,0.68747
2025-10-21 23:00:00+02:00,0.8199500000000001
2025-10-21 23:00:00+02:00,0.66516
2025-10-22 00:00:00+02:00,0.64722
2025-10-22 00:00:00+02:00,0.815005
2025-10-22 00:00:00+02:00,0.696555
2025-10-22 00:00:00+02:00,0.621805
2025-10-22 01:00:00+02:00,0.669875
2025-10-22 01:00:00+02:00,0.81581
2025-10-22 01:00:00+02:00,0.6844800000000001
2025-10-22 01:00:00+02:00,0.649405
2025-10-22 02:00:00+02:00,0.64607
2025-10-22 02:00:00+02:00,0.806495
2025-10-22 02:00:00+02:00,0.64952
2025-10-22 02:00:00+02:00,0.7259950000000001
2025-10-22 03:00:00+02:00,0.64975
2025-10-22 03:00:00+02:00,0.803735
2025-10-22 03:00:00+02:00,0.7423249999999999
2025-10-22 03:00:00+02:00,0.674245
2025-10-22 04:00:00+02:00,0.7814249999999999
2025-10-22 04:00:00+02:00,0.6314649999999999
2025-10-22 04:00:00+02:00,0.810635
2025-10-22 04:00:00+02:00,0.6706799999999999
2025-10-22 05:00:00+02:00,0.793385
2025-10-22 05:00:00+02:00,0.8024699999999999
2025-10-22 05:00:00+02:00,0.63181
2025-10-22 05:00:00+02:00,0.689885
2025-10-22 06:00:00+02:00,0.63296
2025-10-22 06:00:00+02:00,0.8043100000000001
2025-10-22 06:00:00+02:00,0.69023
2025-10-22 06:00:00+02:00,0.789705
2025-10-22 07:00:00+02:00,0.6357200000000001
2025-10-22 07:00:00+02:00,0.806035
2025-10-22 07:00:00+02:00,0.69
2025-10-22 07:00:00+02:00,0.7777449999999999
2025-10-22 08:00:00+02:00,0.820755
2025-10-22 08:00:00+02:00,0.6824100000000001
2025-10-22 08:00:00+02:00,0.7884399999999999
2025-10-22 08:00:00+02:00,0.6310049999999999
2025-10-22 09:00:00+02:00,0.69782
2025-10-22 09:00:00+02:00,0.821675
2025-10-22 09:00:00+02:00,0.77924
2025-10-22 09:00:00+02:00,0.6325
2025-10-22 10:00:00+02:00,0.815005
2025-10-22 10:00:00+02:00,0.7454299999999998
2025-10-22 10:00:00+02:00,0.774985
2025-10-22 10:00:00+02:00,0.64515
2025-10-22 11:00:00+02:00,0.647105
2025-10-22 11:00:00+02:00,0.7671649999999999
2025-10-22 11:00:00+02:00,0.7744099999999999
2025-10-22 11:00:00+02:00,0.80845
2025-10-22 12:00:00+02:00,0.7565850000000001
2025-10-22 12:00:00+02:00,0.76314
2025-10-22 12:00:00+02:00,0.804885
2025-10-22 12:00:00+02:00,0.655385
2025-10-22 13:00:00+02:00,0.654235
2025-10-22 13:00:00+02:00,0.775445
2025-10-22 13:00:00+02:00,0.8041950000000001
2025-10-22 13:00:00+02:00,0.7587700000000002
2025-10-22 14:00:00+02:00,0.751985
2025-10-22 14:00:00+02:00,0.77763
2025-10-22 14:00:00+02:00,0.802815
2025-10-22 15:00:00+02:00,0.7814249999999999
2025-10-22 15:00:00+02:00,0.6519349999999999
2025-10-22 15:00:00+02:00,0.71921
2025-10-22 15:00:00+02:00,0.7725700000000001
2025-10-22 16:00:00+02:00,0.7475
2025-10-22 16:00:00+02:00,0.678615
2025-10-22 16:00:00+02:00,0.791315
2025-10-22 16:00:00+02:00,0.7935000000000001
2025-10-22 17:00:00+02:00,0.78131
2025-10-22 17:00:00+02:00,0.739335
2025-10-22 17:00:00+02:00,0.7938450000000001
2025-10-22 17:00:00+02:00,0.677465
2025-10-22 18:00:00+02:00,0.6737850000000001
2025-10-22 18:00:00+02:00,0.79603
2025-10-22 18:00:00+02:00,0.72933
2025-10-22 18:00:00+02:00,0.738185
2025-10-22 19:00:00+02:00,0.67045
2025-10-22 19:00:00+02:00,0.800975
2025-10-22 19:00:00+02:00,0.7162200000000001
2025-10-22 19:00:00+02:00,0.6762
2025-10-22 20:00:00+02:00,0.7452
2025-10-22 20:00:00+02:00,0.68195
2025-10-22 20:00:00+02:00,0.689885
2025-10-22 20:00:00+02:00,0.8253550000000001
2025-10-22 21:00:00+02:00,0.65389
2025-10-22 21:00:00+02:00,0.8231700000000001
2025-10-22 21:00:00+02:00,0.7268000000000001
2025-10-22 21:00:00+02:00,0.683445
2025-10-22 22:00:00+02:00,0.6486
2025-10-22 22:00:00+02:00,0.8198350000000001
2025-10-22 22:00:00+02:00,0.69897
2025-10-22 22:00:00+02:00,0.68747
2025-10-22 23:00:00+02:00,0.81742
2025-10-22 23:00:00+02:00,0.61065
2025-10-22 23:00:00+02:00,0.6917249999999999
2025-10-22 23:00:00+02:00,0.65642
2025-10-23 00:00:00+02:00,0.6711400000000001
2025-10-23 00:00:00+02:00,0.8300700000000001
2025-10-23 00:00:00+02:00,0.838925
2025-10-23 00:00:00+02:00,0.7667050000000001
2025-10-23 01:00:00+02:00,0.6323850000000001
2025-10-23 01:00:00+02:00,0.8516900000000001
2025-10-23 01:00:00+02:00,0.77648
2025-10-23 01:00:00+02:00,0.8340949999999999
2025-10-23 02:00:00+02:00,0.85077
2025-10-23 02:00:00+02:00,0.77809
2025-10-23 02:00:00+02:00,0.59961
2025-10-23 02:00:00+02:00,0.8301850000000001
2025-10-23 03:00:00+02:00,0.82455
2025-10-23 03:00:00+02:00,0.7829200000000001
2025-10-23 03:00:00+02:00,0.848355
2025-10-23 03:00:00+02:00,0.575575
2025-10-23 04:00:00+02:00,0.804885
2025-10-23 04:00:00+02:00,0.56235
2025-10-23 04:00:00+02:00,0.804885
2025-10-23 04:00:00+02:00,0.8432949999999999
2025-10-23 05:00:00+02:00,0.8041950000000001
2025-10-23 05:00:00+02:00,0.53728
2025-10-23 05:00:00+02:00,0.810635
2025-10-23 05:00:00+02:00,0.8415700000000002
2025-10-23 06:00:00+02:00,0.815005
2025-10-23 06:00:00+02:00,0.45148999999999995
2025-10-23 06:00:00+02:00,0.8396150000000001
2025-10-23 06:00:00+02:00,0.8008600000000001
2025-10-23 07:00:00+02:00,0.8288049999999999
2025-10-23 07:00:00+02:00,0.817995
2025-10-23 07:00:00+02:00,0.78637
2025-10-23 07:00:00+02:00,0.43792
2025-10-23 08:00:00+02:00,0.8300700000000001
2025-10-23 08:00:00+02:00,0.7580800000000001
2025-10-23 08:00:00+02:00,0.3358
2025-10-23 08:00:00+02:00,0.8372
2025-10-23 09:00:00+02:00,0.7485350000000001
2025-10-23 09:00:00+02:00,0.402385
2025-10-23 09:00:00+02:00,0.82455
2025-10-23 09:00:00+02:00,0.83651
2025-10-23 10:00:00+02:00,0.743475
2025-10-23 10:00:00+02:00,0.81604
2025-10-23 10:00:00+02:00,0.8252400000000001
2025-10-23 10:00:00+02:00,0.525665
2025-10-23 11:00:00+02:00,0.83398
2025-10-23 11:00:00+02:00,0.7437050000000001
2025-10-23 11:00:00+02:00,0.805115
2025-10-23 11:00:00+02:00,0.5750000000000001
2025-10-23 12:00:00+02:00,0.838465
2025-10-23 12:00:00+02:00,0.719095
2025-10-23 12:00:00+02:00,0.81397
2025-10-23 13:00:00+02:00,0.805
2025-10-23 13:00:00+02:00,0.8386950000000001
2025-10-23 13:00:00+02:00,0.645495
2025-10-23 13:00:00+02:00,0.718865
2025-10-23 14:00:00+02:00,0.696325
2025-10-23 14:00:00+02:00,0.83812
2025-10-23 14:00:00+02:00,0.69
2025-10-23 14:00:00+02:00,0.7918900000000001
2025-10-23 15:00:00+02:00,0.83674
2025-10-23 15:00:00+02:00,0.67919
2025-10-23 15:00:00+02:00,0.7213949999999999
2025-10-23 15:00:00+02:00,0.755435
2025-10-23 16:00:00+02:00,0.689885
2025-10-23 16:00:00+02:00,0.797985
2025-10-23 16:00:00+02:00,0.82432
2025-10-23 16:00:00+02:00,0.68977
2025-10-23 17:00:00+02:00,0.78384
2025-10-23 17:00:00+02:00,0.8236300000000001
2025-10-23 17:00:00+02:00,0.7336999999999999
2025-10-23 17:00:00+02:00,0.6894250000000001
2025-10-23 18:00:00+02:00,0.6824100000000001
2025-10-23 18:00:00+02:00,0.7540549999999999
2025-10-23 18:00:00+02:00,0.7729149999999999
2025-10-23 18:00:00+02:00,0.823285
2025-10-23 19:00:00+02:00,0.651475
2025-10-23 19:00:00+02:00,0.822365
2025-10-23 19:00:00+02:00,0.7683150000000001
2025-10-23 19:00:00+02:00,0.75371
2025-10-23 20:00:00+02:00,0.74681
2025-10-23 20:00:00+02:00,0.822595
2025-10-23 20:00:00+02:00,0.75164
2025-10-23 20:00:00+02:00,0.62813
2025-10-23 21:00:00+02:00,0.822365
2025-10-23 21:00:00+02:00,0.632155
2025-10-23 21:00:00+02:00,0.7861400000000001
2025-10-23 21:00:00+02:00,0.7460050000000001
2025-10-23 22:00:00+02:00,0.822135
2025-10-23 22:00:00+02:00,0.80316
2025-10-23 22:00:00+02:00,0.74911
2025-10-23 22:00:00+02:00,0.5971949999999999
2025-10-23 23:00:00+02:00,0.5474
2025-10-23 23:00:00+02:00,0.8070700000000001
2025-10-23 23:00:00+02:00,0.753365
2025-10-23 23:00:00+02:00,0.820755
2025-10-24 00:00:00+02:00,0.42297
2025-10-24 00:00:00+02:00,0.8152349999999999
2025-10-24 00:00:00+02:00,0.752905
2025-10-24 00:00:00+02:00,0.82087
2025-10-24 01:00:00+02:00,0.79833
2025-10-24 01:00:00+02:00,0.8163849999999999
2025-10-24 01:00:00+02:00,0.8211
2025-10-24 01:00:00+02:00,0.294975
2025-10-24 02:00:00+02:00,0.8148900000000001
2025-10-24 02:00:00+02:00,0.8215600000000001
2025-10-24 02:00:00+02:00,0.805
2025-10-24 02:00:00+02:00,0.18193
2025-10-24 03:00:00+02:00,0.80868
2025-10-24 03:00:00+02:00,0.82133
2025-10-24 03:00:00+02:00,0.84939
2025-10-24 03:00:00+02:00,0.13765500000000003
2025-10-24 04:00:00+02:00,0.8748049999999999
2025-10-24 04:00:00+02:00,0.20631000000000002
2025-10-24 04:00:00+02:00,0.83881
2025-10-24 04:00:00+02:00,0.804885
2025-10-24 05:00:00+02:00,0.7953399999999999
2025-10-24 05:00:00+02:00,0.84042
2025-10-24 05:00:00+02:00,0.172385
2025-10-24 05:00:00+02:00,0.9338000000000001
2025-10-24 06:00:00+02:00,0.78706
2025-10-24 06:00:00+02:00,0.841915
2025-10-24 06:00:00+02:00,0.16778500000000002
2025-10-24 06:00:00+02:00,0.9610549999999999
2025-10-24 07:00:00+02:00,0.7815399999999999
2025-10-24 07:00:00+02:00,0.15732
2025-10-24 07:00:00+02:00,0.835705
2025-10-24 07:00:00+02:00,0.8746900000000001
2025-10-24 08:00:00+02:00,0.153985
2025-10-24 08:00:00+02:00,0.7707299999999999
2025-10-24 08:00:00+02:00,0.8559450000000001
2025-10-24 08:00:00+02:00,1.105495
2025-10-24 09:00:00+02:00,0.105685
2025-10-24 09:00:00+02:00,1.1045749999999999
2025-10-24 09:00:00+02:00,0.75716
2025-10-24 09:00:00+02:00,0.8570949999999999
2025-10-24 10:00:00+02:00,0.086135
2025-10-24 10:00:00+02:00,0.942195
2025-10-24 10:00:00+02:00,0.752905
2025-10-24 10:00:00+02:00,0.85744
2025-10-24 11:00:00+02:00,0.7472700000000001
2025-10-24 11:00:00+02:00,0.8597400000000001
2025-10-24 11:00:00+02:00,0.08211
2025-10-24 11:00:00+02:00,0.85468
2025-10-24 12:00:00+02:00,0.07727999999999999
2025-10-24 12:00:00+02:00,0.836395
2025-10-24 12:00:00+02:00,0.73761
2025-10-24 12:00:00+02:00,0.9959
2025-10-24 13:00:00+02:00,0.7319749999999999
2025-10-24 13:00:00+02:00,0.8408800000000001
2025-10-24 13:00:00+02:00,0.06577999999999999
2025-10-24 13:00:00+02:00,0.9693350000000001
2025-10-24 14:00:00+02:00,0.72979
2025-10-24 14:00:00+02:00,0.8429500000000001
2025-10-24 14:00:00+02:00,0.06325
2025-10-24 14:00:00+02:00,0.9201150000000001
2025-10-24 15:00:00+02:00,0.8478950000000001
2025-10-24 15:00:00+02:00,0.058649999999999994
2025-10-24 15:00:00+02:00,0.72657
2025-10-24 15:00:00+02:00,0.84433
2025-10-24 16:00:00+02:00,0.982215
2025-10-24 16:00:00+02:00,0.8613500000000001
2025-10-24 16:00:00+02:00,0.05957
2025-10-24 16:00:00+02:00,0.719095
2025-10-24 17:00:00+02:00,0.8942400000000001
2025-10-24 17:00:00+02:00,0.055659999999999994
2025-10-24 17:00:00+02:00,0.7195550000000001
2025-10-24 17:00:00+02:00,0.863535
2025-10-24 18:00:00+02:00,0.721625
2025-10-24 18:00:00+02:00,0.059455
2025-10-24 18:00:00+02:00,0.8668699999999999
2025-10-24 18:00:00+02:00,0.8206399999999999
2025-10-24 19:00:00+02:00,0.7210500000000001
2025-10-24 19:00:00+02:00,0.06095
2025-10-24 19:00:00+02:00,0.7759050000000001
2025-10-24 19:00:00+02:00,0.8676750000000001
2025-10-24 20:00:00+02:00,0.807415
2025-10-24 20:00:00+02:00,0.71921
2025-10-24 20:00:00+02:00,0.063595
2025-10-24 20:00:00+02:00,0.8803249999999999
2025-10-24 21:00:00+02:00,0.78223
2025-10-24 21:00:00+02:00,0.7185199999999999
2025-10-24 21:00:00+02:00,0.07153
2025-10-24 21:00:00+02:00,0.8866499999999998
2025-10-24 22:00:00+02:00,0.11258499999999998
2025-10-24 22:00:00+02:00,0.75739
2025-10-24 22:00:00+02:00,0.9033249999999999
2025-10-24 22:00:00+02:00,0.718865
2025-10-24 23:00:00+02:00,0.6975899999999999
2025-10-24 23:00:00+02:00,0.191935
2025-10-24 23:00:00+02:00,0.9061999999999999
2025-10-24 23:00:00+02:00,0.747385
2025-10-25 00:00:00+02:00,0.91448
2025-10-25 00:00:00+02:00,-0.1794
2025-10-25 00:00:00+02:00,0.10740999999999999
2025-10-25 00:00:00+02:00,0.75371
2025-10-25 01:00:00+02:00,0.135355
2025-10-25 01:00:00+02:00,0.23850999999999997
2025-10-25 01:00:00+02:00,0.91471
2025-10-25 01:00:00+02:00,0.741405
2025-10-25 02:00:00+02:00,0.73646
2025-10-25 02:00:00+02:00,0.37466999999999995
2025-10-25 02:00:00+02:00,0.13673500000000002
2025-10-25 03:00:00+02:00,0.11178000000000002
2025-10-25 03:00:00+02:00,0.723695
2025-10-25 03:00:00+02:00,0.9149400000000001
2025-10-25 03:00:00+02:00,0.52532
2025-10-25 04:00:00+02:00,0.21297999999999997
2025-10-25 04:00:00+02:00,0.73922
2025-10-25 04:00:00+02:00,0.914595
2025-10-25 04:00:00+02:00,0.58604
2025-10-25 05:00:00+02:00,0.9099949999999999
2025-10-25 05:00:00+02:00,0.212635
2025-10-25 05:00:00+02:00,0.7366900000000001
2025-10-25 05:00:00+02:00,0.6684950000000001
2025-10-25 06:00:00+02:00,0.8979199999999999
2025-10-25 06:00:00+02:00,0.7040299999999999
2025-10-25 06:00:00+02:00,0.20458500000000002
2025-10-25 06:00:00+02:00,0.73094
2025-10-25 07:00:00+02:00,0.77648
2025-10-25 07:00:00+02:00,0.19941
2025-10-25 07:00:00+02:00,0.886305
2025-10-25 07:00:00+02:00,0.72381
2025-10-25 08:00:00+02:00,0.15363999999999997
2025-10-25 08:00:00+02:00,0.8749199999999999
2025-10-25 08:00:00+02:00,0.6776949999999999
2025-10-25 08:00:00+02:00,0.852955
2025-10-25 09:00:00+02:00,0.13984000000000002
2025-10-25 09:00:00+02:00,0.8692850000000001
2025-10-25 09:00:00+02:00,0.71162
2025-10-25 09:00:00+02:00,0.8597400000000001
2025-10-25 10:00:00+02:00,0.8624999999999999
2025-10-25 10:00:00+02:00,0.8579
2025-10-25 10:00:00+02:00,0.7388750000000001
2025-10-25 10:00:00+02:00,0.13294
2025-10-25 11:00:00+02:00,0.7517550000000002
2025-10-25 11:00:00+02:00,0.13155999999999998
2025-10-25 11:00:00+02:00,0.861235
2025-10-25 11:00:00+02:00,0.84801
2025-10-25 12:00:00+02:00,0.8536450000000001
2025-10-25 12:00:00+02:00,0.042550000000000004
2025-10-25 12:00:00+02:00,0.754975
2025-10-25 12:00:00+02:00,0.856405
2025-10-25 13:00:00+02:00,0.83375
2025-10-25 13:00:00+02:00,0.85054
2025-10-25 13:00:00+02:00,0.05704
2025-10-25 13:00:00+02:00,0.80017
2025-10-25 14:00:00+02:00,0.846975
2025-10-25 14:00:00+02:00,0.799595
2025-10-25 14:00:00+02:00,0.05474
2025-10-25 14:00:00+02:00,0.8252400000000001
2025-10-25 15:00:00+02:00,0.72358
2025-10-25 15:00:00+02:00,0.840995
2025-10-25 15:00:00+02:00,0.05359
2025-10-25 15:00:00+02:00,0.8370850000000001
2025-10-25 16:00:00+02:00,0.7038000000000001
2025-10-25 16:00:00+02:00,0.798215
2025-10-25 16:00:00+02:00,0.053704999999999996
2025-10-25 16:00:00+02:00,0.841455
2025-10-25 17:00:00+02:00,0.6737850000000001
2025-10-25 17:00:00+02:00,0.8215600000000001
2025-10-25 17:00:00+02:00,0.05278499999999999
2025-10-25 17:00:00+02:00,0.8345549999999999
2025-10-25 18:00:00+02:00,0.04945
2025-10-25 18:00:00+02:00,0.61502
2025-10-25 18:00:00+02:00,0.8270799999999999
2025-10-25 18:00:00+02:00,0.8268500000000001
2025-10-25 19:00:00+02:00,0.57201
2025-10-25 19:00:00+02:00,0.051635
2025-10-25 19:00:00+02:00,0.8238599999999999
2025-10-25 19:00:00+02:00,0.8276549999999999
2025-10-25 20:00:00+02:00,0.04209
2025-10-25 20:00:00+02:00,0.83122
2025-10-25 20:00:00+02:00,0.58167
2025-10-25 20:00:00+02:00,0.82202
2025-10-25 21:00:00+02:00,0.04577
2025-10-25 21:00:00+02:00,0.53544
2025-10-25 21:00:00+02:00,0.81949
2025-10-25 21:00:00+02:00,0.84134
2025-10-25 22:00:00+02:00,0.8168449999999999
2025-10-25 22:00:00+02:00,0.041745
2025-10-25 22:00:00+02:00,0.46
2025-10-25 22:00:00+02:00,0.8481249999999999
2025-10-25 23:00:00+02:00,0.81374
2025-10-25 23:00:00+02:00,0.31889500000000004
2025-10-25 23:00:00+02:00,0.04048
2025-10-25 23:00:00+02:00,0.850425
2025-10-26 00:00:00+02:00,-0.11338999999999999
2025-10-26 00:00:00+02:00,0.467935
2025-10-26 00:00:00+02:00,0.06371
2025-10-26 00:00:00+02:00,0.843525
2025-10-26 01:00:00+02:00,0.01311
2025-10-26 01:00:00+02:00,0.45908000000000004
2025-10-26 01:00:00+02:00,0.0644
2025-10-26 01:00:00+02:00,0.8431799999999999
2025-10-26 02:00:00+02:00,0.842375
2025-10-26 02:00:00+02:00,0.06831
2025-10-26 02:00:00+02:00,0.06727499999999999
2025-10-26 02:00:00+02:00,0.45896499999999996
2025-10-26 02:00:00+01:00,0.8378899999999999
2025-10-26 02:00:00+01:00,0.057385000000000005
2025-10-26 02:00:00+01:00,0.064285
2025-10-26 02:00:00+01:00,0.45206500000000005
2025-10-26 03:00:00+01:00,0.16537000000000002
2025-10-26 03:00:00+01:00,0.8275399999999999
2025-10-26 03:00:00+01:00,0.050484999999999995
2025-10-26 03:00:00+01:00,0.43953
2025-10-26 04:00:00+01:00,0.167095
2025-10-26 04:00:00+01:00,0.82731
2025-10-26 04:00:00+01:00,0.047035
2025-10-26 04:00:00+01:00,0.39525499999999997
2025-10-26 05:00:00+01:00,0.046805000000000006
2025-10-26 05:00:00+01:00,0.826045
2025-10-26 05:00:00+01:00,0.17951499999999998
2025-10-26 05:00:00+01:00,0.35742
2025-10-26 06:00:00+01:00,0.041055
2025-10-26 06:00:00+01:00,0.19251
2025-10-26 06:00:00+01:00,0.824205
2025-10-26 06:00:00+01:00,0.33166
2025-10-26 07:00:00+01:00,0.20033
2025-10-26 07:00:00+01:00,0.047380000000000005
2025-10-26 07:00:00+01:00,0.8291499999999999
2025-10-26 07:00:00+01:00,0.36754000000000003
2025-10-26 08:00:00+01:00,0.041170000000000005
2025-10-26 08:00:00+01:00,0.211715
2025-10-26 08:00:00+01:00,0.34914
2025-10-26 08:00:00+01:00,0.8275399999999999
2025-10-26 09:00:00+01:00,0.2392
2025-10-26 09:00:00+01:00,0.33971
2025-10-26 09:00:00+01:00,0.8428350000000001
2025-10-26 09:00:00+01:00,0.037605
2025-10-26 10:00:00+01:00,0.8392700000000001
2025-10-26 10:00:00+01:00,0.330165
2025-10-26 10:00:00+01:00,0.0299
2025-10-26 10:00:00+01:00,0.23989
2025-10-26 11:00:00+01:00,0.83559
2025-10-26 11:00:00+01:00,0.03588
2025-10-26 11:00:00+01:00,0.346265
2025-10-26 11:00:00+01:00,0.24023499999999998
2025-10-26 12:00:00+01:00,0.8321399999999999
2025-10-26 12:00:00+01:00,0.03059
2025-10-26 12:00:00+01:00,0.343735
2025-10-26 12:00:00+01:00,0.25495500000000004
2025-10-26 13:00:00+01:00,0.27956499999999995
2025-10-26 13:00:00+01:00,0.025644999999999998
2025-10-26 13:00:00+01:00,0.382375
2025-10-26 13:00:00+01:00,0.827885
2025-10-26 14:00:00+01:00,0.27979499999999996
2025-10-26 14:00:00+01:00,0.479435
2025-10-26 14:00:00+01:00,0.032775
2025-10-26 14:00:00+01:00,0.8164999999999999
2025-10-26 15:00:00+01:00,0.48300000000000004
2025-10-26 15:00:00+01:00,0.253805
2025-10-26 15:00:00+01:00,0.03519
2025-10-26 15:00:00+01:00,0.8215600000000001
2025-10-26 16:00:00+01:00,0.24334000000000003
2025-10-26 16:00:00+01:00,0.525205
2025-10-26 16:00:00+01:00,0.0414
2025-10-26 16:00:00+01:00,0.81696
2025-10-26 17:00:00+01:00,0.234025
2025-10-26 17:00:00+01:00,0.042550000000000004
2025-10-26 17:00:00+01:00,0.553035
2025-10-26 17:00:00+01:00,0.7851049999999999
2025-10-26 18:00:00+01:00,0.7510650000000001
2025-10-26 18:00:00+01:00,0.604095
2025-10-26 18:00:00+01:00,0.05347500000000001
2025-10-26 18:00:00+01:00,0.23621
2025-10-26 19:00:00+01:00,0.639285
2025-10-26 19:00:00+01:00,0.01771
2025-10-26 19:00:00+01:00,0.7477299999999999
2025-10-26 19:00:00+01:00,0.165945
2025-10-26 20:00:00+01:00,0.68034
2025-10-26 20:00:00+01:00,0.020355
2025-10-26 20:00:00+01:00,0.7061
2025-10-26 20:00:00+01:00,0.145935
2025-10-26 21:00:00+01:00,0.020585000000000003
2025-10-26 21:00:00+01:00,0.15824
2025-10-26 21:00:00+01:00,0.659755
2025-10-26 21:00:00+01:00,0.7021900000000001
2025-10-26 22:00:00+01:00,0.7300199999999999
2025-10-26 22:00:00+01:00,0.592365
2025-10-26 22:00:00+01:00,0.15663
2025-10-26 22:00:00+01:00,0.02231
2025-10-26 23:00:00+01:00,0.06187
2025-10-26 23:00:00+01:00,0.014029999999999999
2025-10-26 23:00:00+01:00,0.762565
2025-10-27 00:00:00+01:00,0.28566
2025-10-27 00:00:00+01:00,0.7885549999999999
2025-10-27 00:00:00+01:00,0.07337
2025-10-27 00:00:00+01:00,0.016329999999999997
2025-10-27 01:00:00+01:00,0.01656
2025-10-27 01:00:00+01:00,0.297045
2025-10-27 01:00:00+01:00,0.09533499999999999
2025-10-27 01:00:00+01:00,0.81351
2025-10-27 02:00:00+01:00,0.076705
2025-10-27 02:00:00+01:00,0.016905
2025-10-27 02:00:00+01:00,0.829495
2025-10-27 02:00:00+01:00,0.283475
2025-10-27 03:00:00+01:00,0.129145
2025-10-27 03:00:00+01:00,0.017365000000000002
2025-10-27 03:00:00+01:00,0.808335
2025-10-27 03:00:00+01:00,0.28382
2025-10-27 04:00:00+01:00,0.017480000000000002
2025-10-27 04:00:00+01:00,0.787865
2025-10-27 04:00:00+01:00,0.10465
2025-10-27 04:00:00+01:00,0.19170500000000001
2025-10-27 05:00:00+01:00,0.12454499999999999
2025-10-27 05:00:00+01:00,0.01886
2025-10-27 05:00:00+01:00,0.178365
2025-10-27 05:00:00+01:00,0.776825
2025-10-27 06:00:00+01:00,0.020355
2025-10-27 06:00:00+01:00,0.177215
2025-10-27 06:00:00+01:00,0.7547449999999999
2025-10-27 06:00:00+01:00,0.08027000000000001
2025-10-27 07:00:00+01:00,0.042780000000000006
2025-10-27 07:00:00+01:00,0.176755
2025-10-27 07:00:00+01:00,0.71001
2025-10-27 07:00:00+01:00,0.18791
2025-10-27 08:00:00+01:00,0.18468999999999997
2025-10-27 08:00:00+01:00,0.19665000000000002
2025-10-27 08:00:00+01:00,0.04692
2025-10-27 08:00:00+01:00,0.68586
2025-10-27 09:00:00+01:00,0.21528
2025-10-27 09:00:00+01:00,0.66999
2025-10-27 09:00:00+01:00,0.050025
2025-10-27 09:00:00+01:00,0.18675999999999998
2025-10-27 10:00:00+01:00,0.615135
2025-10-27 10:00:00+01:00,0.06509
2025-10-27 10:00:00+01:00,0.22965499999999997
2025-10-27 10:00:00+01:00,0.18515
2025-10-27 11:00:00+01:00,0.609845
2025-10-27 11:00:00+01:00,0.08924
2025-10-27 11:00:00+01:00,0.256795
2025-10-27 11:00:00+01:00,0.181355
2025-10-27 12:00:00+01:00,0.13190500000000002
2025-10-27 12:00:00+01:00,0.5745399999999999
2025-10-27 12:00:00+01:00,0.19883499999999998
2025-10-27 12:00:00+01:00,0.27738
2025-10-27 13:00:00+01:00,0.144325
2025-10-27 13:00:00+01:00,0.5341750000000001
2025-10-27 13:00:00+01:00,0.27956499999999995
2025-10-27 13:00:00+01:00,0.199755
2025-10-27 14:00:00+01:00,0.38525000000000004
2025-10-27 14:00:00+01:00,0.15410000000000001
2025-10-27 14:00:00+01:00,0.276
2025-10-27 14:00:00+01:00,0.20033
2025-10-27 15:00:00+01:00,0.42285500000000004
2025-10-27 15:00:00+01:00,0.19274
2025-10-27 15:00:00+01:00,0.205275
2025-10-27 15:00:00+01:00,0.28232500000000005
2025-10-27 16:00:00+01:00,0.19872
2025-10-27 16:00:00+01:00,0.16778500000000002
2025-10-27 16:00:00+01:00,0.289915
2025-10-27 16:00:00+01:00,0.34017
2025-10-27 17:00:00+01:00,0.28704
2025-10-27 17:00:00+01:00,0.196075
2025-10-27 17:00:00+01:00,0.173765
2025-10-27 17:00:00+01:00,0.36247999999999997
2025-10-27 18:00:00+01:00,0.18584
2025-10-27 18:00:00+01:00,0.181585
2025-10-27 18:00:00+01:00,0.23724499999999998
2025-10-27 18:00:00+01:00,0.314065
2025-10-27 19:00:00+01:00,0.30026499999999995
2025-10-27 19:00:00+01:00,0.203895
2025-10-27 19:00:00+01:00,0.20148000000000002
2025-10-27 19:00:00+01:00,0.27508
2025-10-27 20:00:00+01:00,0.188945
2025-10-27 20:00:00+01:00,0.40319
2025-10-27 20:00:00+01:00,0.20838
2025-10-27 20:00:00+01:00,0.108675
2025-10-27 21:00:00+01:00,0.1886
2025-10-27 21:00:00+01:00,0.46712999999999993
2025-10-27 21:00:00+01:00,0.06256
2025-10-27 21:00:00+01:00,0.28267
2025-10-27 22:00:00+01:00,0.184
2025-10-27 22:00:00+01:00,0.31613499999999994
2025-10-27 22:00:00+01:00,0.048415
2025-10-27 22:00:00+01:00,0.49312
2025-10-27 23:00:00+01:00,0.38916
2025-10-27 23:00:00+01:00,0.57799
2025-10-27 23:00:00+01:00,0.23264500000000002
2025-10-28 00:00:00+01:00,0.22827500000000003
2025-10-28 00:00:00+01:00,0.61939
2025-10-28 00:00:00+01:00,0.53314
2025-10-28 01:00:00+01:00,0.22079999999999997
2025-10-28 01:00:00+01:00,0.69138
2025-10-28 01:00:00+01:00,0.5957
2025-10-28 02:00:00+01:00,0.705065
2025-10-28 02:00:00+01:00,0.6624
2025-10-28 02:00:00+01:00,0.22022499999999998
2025-10-28 03:00:00+01:00,0.7210500000000001
2025-10-28 03:00:00+01:00,0.244145
2025-10-28 03:00:00+01:00,0.7368049999999998
2025-10-28 04:00:00+01:00,0.767625
2025-10-28 04:00:00+01:00,0.22724000000000003
2025-10-28 04:00:00+01:00,0.71691
2025-10-28 05:00:00+01:00,0.8091400000000001
2025-10-28 05:00:00+01:00,0.699085
2025-10-28 05:00:00+01:00,0.22977
2025-10-28 06:00:00+01:00,0.221145
2025-10-28 06:00:00+01:00,0.81604
2025-10-28 06:00:00+01:00,0.639975
2025-10-28 07:00:00+01:00,0.275885
2025-10-28 07:00:00+01:00,0.8183400000000001
2025-10-28 07:00:00+01:00,0.599495
2025-10-28 08:00:00+01:00,0.88504
2025-10-28 08:00:00+01:00,0.568445
2025-10-28 08:00:00+01:00,0.27093999999999996
2025-10-28 09:00:00+01:00,0.5175
2025-10-28 09:00:00+01:00,0.886305
2025-10-28 09:00:00+01:00,0.26427
2025-10-28 10:00:00+01:00,0.275425
2025-10-28 10:00:00+01:00,0.48162
2025-10-28 10:00:00+01:00,0.8814750000000001
2025-10-28 11:00:00+01:00,0.55499
2025-10-28 11:00:00+01:00,0.21781000000000003
2025-10-28 11:00:00+01:00,0.8679049999999999
2025-10-28 12:00:00+01:00,0.9312700000000002
2025-10-28 12:00:00+01:00,0.52532
2025-10-28 12:00:00+01:00,0.21804
2025-10-28 13:00:00+01:00,0.21217499999999997
2025-10-28 13:00:00+01:00,0.8958500000000001
2025-10-28 13:00:00+01:00,0.46
2025-10-28 14:00:00+01:00,0.894815
2025-10-28 14:00:00+01:00,0.1978
2025-10-28 14:00:00+01:00,0.418255
2025-10-28 15:00:00+01:00,0.28048500000000004
2025-10-28 15:00:00+01:00,0.8976900000000001
2025-10-28 15:00:00+01:00,0.35305
2025-10-28 16:00:00+01:00,0.29624
2025-10-28 16:00:00+01:00,0.984745
2025-10-28 16:00:00+01:00,0.33488
2025-10-28 17:00:00+01:00,0.31015499999999996
2025-10-28 17:00:00+01:00,0.34799
2025-10-28 18:00:00+01:00,0.31797499999999995
2025-10-28 18:00:00+01:00,0.9481750000000001
2025-10-28 18:00:00+01:00,0.32315
2025-10-28 19:00:00+01:00,0.17089
2025-10-28 19:00:00+01:00,0.8946999999999999
2025-10-28 19:00:00+01:00,0.31993
2025-10-28 20:00:00+01:00,0.09706
2025-10-28 20:00:00+01:00,0.9660000000000001
2025-10-28 20:00:00+01:00,0.37363500000000005
2025-10-28 21:00:00+01:00,0.9637
2025-10-28 21:00:00+01:00,0.48806
2025-10-28 21:00:00+01:00,0.083145
2025-10-28 22:00:00+01:00,0.9137899999999999
2025-10-28 22:00:00+01:00,0.58489
2025-10-28 22:00:00+01:00,0.050945
2025-10-28 23:00:00+01:00,0.46816500000000005
2025-10-28 23:00:00+01:00,0.870665
2025-10-29 00:00:00+01:00,0.8765299999999999
2025-10-29 00:00:00+01:00,0.554415
2025-10-29 01:00:00+01:00,0.63664
2025-10-29 01:00:00+01:00,0.84847
2025-10-29 02:00:00+01:00,0.849735
2025-10-29 02:00:00+01:00,0.6745899999999999
2025-10-29 03:00:00+01:00,0.8447899999999999
2025-10-29 03:00:00+01:00,0.58696
2025-10-29 04:00:00+01:00,0.84801
2025-10-29 04:00:00+01:00,0.576955
2025-10-29 05:00:00+01:00,0.5957
2025-10-29 05:00:00+01:00,0.840995
2025-10-29 06:00:00+01:00,0.8217899999999999
2025-10-29 06:00:00+01:00,0.467935
2025-10-29 07:00:00+01:00,0.8096000000000001
2025-10-29 07:00:00+01:00,0.588225
2025-10-29 08:00:00+01:00,0.55131
2025-10-29 08:00:00+01:00,0.80316
2025-10-29 09:00:00+01:00,0.8140850000000001
2025-10-29 09:00:00+01:00,0.48300000000000004
2025-10-29 10:00:00+01:00,0.8408800000000001
2025-10-29 10:00:00+01:00,0.46
2025-10-29 11:00:00+01:00,0.5768399999999999
2025-10-29 11:00:00+01:00,0.85905
2025-10-29 12:00:00+01:00,0.5330250000000001
2025-10-29 12:00:00+01:00,0.8115549999999999
2025-10-29 13:00:00+01:00,0.474835
2025-10-29 13:00:00+01:00,0.8233999999999999
2025-10-29 14:00:00+01:00,0.41273499999999996
2025-10-29 14:00:00+01:00,0.85399
2025-10-29 15:00:00+01:00,0.398015
2025-10-29 15:00:00+01:00,0.89378
2025-10-29 16:00:00+01:00,0.383295
2025-10-29 16:00:00+01:00,0.89447
2025-10-29 17:00:00+01:00,0.91103
2025-10-29 17:00:00+01:00,0.38042
2025-10-29 18:00:00+01:00,0.9206900000000001
2025-10-29 18:00:00+01:00,0.39283999999999997
2025-10-29 19:00:00+01:00,0.36478
2025-10-29 19:00:00+01:00,0.921725
2025-10-29 20:00:00+01:00,0.8726199999999998
2025-10-29 20:00:00+01:00,0.346955
2025-10-29 21:00:00+01:00,0.873425
2025-10-29 21:00:00+01:00,0.376625
2025-10-29 22:00:00+01:00,0.299805
2025-10-29 22:00:00+01:00,0.8761849999999999
2025-10-29 23:00:00+01:00,0.88297
2025-10-29 23:00:00+01:00,0.275655
2025-10-30 00:00:00+01:00,0.28543
2025-10-30 00:00:00+01:00,0.8881450000000001
2025-10-30 01:00:00+01:00,0.9141349999999999
2025-10-30 01:00:00+01:00,0.276
2025-10-30 02:00:00+01:00,0.9361
2025-10-30 02:00:00+01:00,0.257485
2025-10-30 03:00:00+01:00,0.94231
2025-10-30 04:00:00+01:00,0.89861
2025-10-30 05:00:00+01:00,0.891825
2025-10-30 06:00:00+01:00,0.873655
2025-10-30 07:00:00+01:00,0.8600850000000001
2025-10-30 08:00:00+01:00,0.86181
2025-10-30 09:00:00+01:00,0.862385
2025-10-30 10:00:00+01:00,0.8486999999999999
2025-10-30 11:00:00+01:00,0.82938
2025-10-30 12:00:00+01:00,0.85261
2025-10-30 13:00:00+01:00,0.8474349999999999
2025-10-30 14:00:00+01:00,0.806495
2025-10-30 15:00:00+01:00,0.79166
2025-10-30 16:00:00+01:00,0.82432
2025-10-30 17:00:00+01:00,0.8114399999999999
2025-10-30 18:00:00+01:00,0.79695
2025-10-30 19:00:00+01:00,0.7521
2025-10-30 20:00:00+01:00,0.7724550000000001
2025-10-30 21:00:00+01:00,0.7266849999999999
2025-10-30 22:00:00+01:00,0.689885
2025-10-30 23:00:00+01:00,0.60927
