timestamp,P_charge_kw,P_discharge_kw,P_grid_import_kw,P_grid_export_kw,E_battery_kwh,P_curtail_kw,soc_percent
2024-05-01 00:00:00,0.8595014297043873,0.0,21.34169464912175,0.0,20.0,0.0,50.0
2024-05-01 01:00:00,0.0,0.0,24.162326735063157,0.0,20.773551286733948,0.0,51.93387821683487
2024-05-01 02:00:00,0.8595014297043873,0.0,23.564541278179412,0.0,20.773551286733948,0.0,51.93387821683487
2024-05-01 03:00:00,0.8595014297043873,0.0,23.281117879071275,0.0,21.547102573467896,0.0,53.86775643366975
2024-05-01 04:00:00,0.8595014297043873,0.0,20.51062413870359,0.0,22.320653860201844,0.0,55.8016346505046
2024-05-01 05:00:00,0.0,0.0,4.98158292659431,0.0,23.094205146935792,0.0,57.73551286733948
2024-05-01 06:00:00,0.0,12.622318932532915,28.138478534963447,0.0,23.094205146935792,0.0,57.73551286733948
2024-05-01 07:00:00,0.0,0.7735512867339485,26.646815686178876,0.0,11.734118107656169,0.0,29.33529526914042
2024-05-01 08:00:00,0.0,0.7735512867339485,11.84719824010691,0.0,11.037921949595615,0.0,27.594804873989037
2024-05-01 09:00:00,0.8595014297043873,0.0,0.0,5.863605104511009,10.341725791535062,0.0,25.854314478837654
2024-05-01 10:00:00,0.0,0.7735512867339485,10.019882839036491,0.0,11.11527707826901,0.0,27.788192695672524
2024-05-01 11:00:00,0.8595014297043873,0.0,0.0,18.353788205624667,10.419080920208456,0.0,26.04770230052114
2024-05-01 12:00:00,0.8595014297043873,0.0,0.0,34.97899084468776,11.192632206942404,0.0,27.981580517356008
2024-05-01 13:00:00,0.8595014297043873,0.0,0.0,34.346330745339905,11.966183493676352,0.0,29.91545873419088
2024-05-01 14:00:00,0.8595014297043873,0.0,0.0,12.105566399910018,12.7397347804103,0.0,31.84933695102575
2024-05-01 15:00:00,0.0,0.7735512867339485,9.950671915295132,0.0,13.513286067144248,0.0,33.78321516786062
2024-05-01 16:00:00,0.0,1.6277413437916266,33.10437629639585,0.0,12.817089909083695,0.0,32.042724772709235
2024-05-01 17:00:00,0.0,0.7735512867339485,22.573586740905366,0.0,11.35212269967123,0.0,28.380306749178075
2024-05-01 18:00:00,0.0,7.004370484551699,34.55431272984471,0.0,10.655926541610677,0.0,26.639816354026692
2024-05-01 19:00:00,1.0449794335303189,0.0,41.3045288470893,0.0,4.351993105514148,0.0,10.879982763785371
2024-05-01 20:00:00,0.0,2.276201411098107,41.3045288470893,0.0,5.292474595691435,0.0,13.23118648922859
2024-05-01 21:00:00,0.8595014297043873,0.0,38.93525483524909,0.0,4.0,0.0,10.0
2024-05-01 22:00:00,0.8595014297043873,0.0,20.030838099823416,0.0,4.773551286733949,0.0,11.933878216834874
2024-05-01 23:00:00,0.8595014297043873,0.0,17.929728775150817,0.0,5.547102573467898,0.0,13.867756433669745
2024-05-02 00:00:00,0.8595014297043873,0.0,21.064812052650186,0.0,6.320653860201847,0.0,15.801634650504617
2024-05-02 01:00:00,0.8595014297043873,0.0,21.26124484481093,0.0,7.094205146935796,0.0,17.73551286733949
2024-05-02 02:00:00,0.8595014297043835,0.0,22.924864935173247,0.0,7.8677564336697445,0.0,19.66939108417436
2024-05-02 03:00:00,0.8595014297043873,0.0,26.812960769454847,0.0,8.64130772040369,0.0,21.603269301009227
2024-05-02 04:00:00,0.8595014297043873,0.0,20.663590082057187,0.0,9.414859007137638,0.0,23.537147517844094
2024-05-02 05:00:00,0.8595014297043873,0.0,5.979410736358936,0.0,10.188410293871586,0.0,25.471025734678964
2024-05-02 06:00:00,0.0,0.0,6.557416447444126,0.0,10.961961580605534,0.0,27.404903951513838
2024-05-02 07:00:00,0.8595014297043873,0.0,0.0,18.035445307524668,10.961961580605534,0.0,27.404903951513838
2024-05-02 08:00:00,0.0,0.7735512867339485,0.0,47.56684480512346,11.735512867339482,0.0,29.338782168348704
2024-05-02 09:00:00,0.8595014297043873,0.0,0.0,42.06418737401577,11.039316709278928,0.0,27.59829177319732
2024-05-02 10:00:00,0.8595014297043873,0.0,0.0,32.676327187219705,11.812867996012876,0.0,29.53216999003219
2024-05-02 11:00:00,0.8595014297043873,0.0,0.0,34.20370841389158,12.586419282746824,0.0,31.466048206867058
2024-05-02 12:00:00,0.0,0.0,0.0,47.71072140672868,13.359970569480772,0.0,33.39992642370193
2024-05-02 13:00:00,0.0,0.0,0.0,56.47690465254035,13.359970569480772,0.0,33.39992642370193
2024-05-02 14:00:00,0.8595014297043873,0.0,0.0,50.35512530215053,13.359970569480772,0.0,33.39992642370193
2024-05-02 15:00:00,0.8595014297043873,0.0,0.0,37.53021805931531,14.13352185621472,0.0,35.333804640536805
2024-05-02 16:00:00,0.8595014297043873,0.0,0.0,2.4999831165414363,14.907073142948668,0.0,37.26768285737167
2024-05-02 17:00:00,0.0,30.0,0.0,7.014173924446599,15.680624429682616,0.0,39.201561074206545
2024-05-02 18:00:00,0.6776450753297295,0.0,41.919391270307436,0.0,4.0,0.0,10.0
2024-05-02 19:00:00,0.0,0.7735512867339485,41.755720551370246,0.0,4.609880567796757,0.0,11.524701419491892
2024-05-02 20:00:00,0.0,0.0,39.49873859142574,0.0,4.0,0.0,10.0
2024-05-02 21:00:00,0.0,-0.0,41.20373967375805,0.0,4.0,0.0,10.0
2024-05-02 22:00:00,0.0,0.0,16.74779650229553,0.0,4.0,0.0,10.0
2024-05-02 23:00:00,0.8595014297043873,0.0,21.108512208439798,0.0,4.0,0.0,10.0
2024-05-03 00:00:00,0.8595014297043873,0.0,22.59254237695353,0.0,4.773551286733949,0.0,11.933878216834874
2024-05-03 01:00:00,0.8595014297043873,0.0,15.924671033494866,0.0,5.547102573467898,0.0,13.867756433669745
2024-05-03 02:00:00,0.8595014297043873,0.0,23.04720599878158,0.0,6.320653860201847,0.0,15.801634650504617
2024-05-03 03:00:00,0.0,0.0,19.321189507765887,0.0,7.094205146935796,0.0,17.73551286733949
2024-05-03 04:00:00,0.8595014297043873,0.0,19.83698950174673,0.0,7.094205146935796,0.0,17.73551286733949
2024-05-03 05:00:00,0.0,0.0,16.39963169939294,0.0,7.8677564336697445,0.0,19.66939108417436
2024-05-03 06:00:00,0.0,0.7735512867339485,29.561911271378147,0.0,7.8677564336697445,0.0,19.66939108417436
2024-05-03 07:00:00,0.0,0.7735512867339485,31.157704257587316,0.0,7.171560275609191,0.0,17.928900689022978
2024-05-03 08:00:00,0.0,0.0,0.0,24.321592486927088,6.475364117548637,0.0,16.188410293871595
2024-05-03 09:00:00,0.0,0.7735512867339485,0.0,30.284848124604956,6.475364117548637,0.0,16.188410293871595
2024-05-03 10:00:00,0.8595014297043873,0.0,0.0,48.418036370221756,5.779167959488084,0.0,14.44791989872021
2024-05-03 11:00:00,0.8595014297043873,0.0,0.0,69.8243040634856,6.552719246222033,0.0,16.381798115555082
2024-05-03 12:00:00,30.0,26.226448713266052,0.0,70.0,7.326270532955982,0.008924139745602133,18.315676332389955
2024-05-03 13:00:00,0.0,0.7735512867339485,0.0,65.01542956729486,10.722466691016535,0.0,26.806166727541335
2024-05-03 14:00:00,0.0,0.7735512867339485,0.0,33.683716369911075,10.026270532955982,0.0,25.065676332389952
2024-05-03 15:00:00,0.0,0.7735512867339485,0.0,20.3567819825631,9.330074374895428,0.0,23.325185937238572
2024-05-03 16:00:00,0.0,0.7735512867339485,0.0,2.3722161382890907,8.633878216834875,0.0,21.584695542087186
2024-05-03 17:00:00,0.0,0.7735512867339485,14.448570599967187,0.0,7.937682058774321,0.0,19.844205146935803
2024-05-03 18:00:00,0.0,0.7735512867339485,34.715419942776094,0.0,7.2414859007137675,0.0,18.10371475178442
2024-05-03 19:00:00,0.0,4.621707509677835,42.06005505895006,0.0,6.545289742653214,0.0,16.363224356633037
2024-05-03 20:00:00,0.0,-0.0,47.0970430194898,0.0,4.0,0.0,10.0
2024-05-03 21:00:00,0.0,-0.0,35.5921168268155,0.0,4.0,0.0,10.0
2024-05-03 22:00:00,0.0,-0.0,18.355249891667828,0.0,4.0,0.0,10.0
2024-05-03 23:00:00,0.0,0.0,22.45394293695068,0.0,4.0,0.0,10.0
2024-05-04 00:00:00,0.0,0.0,18.09203776365878,0.0,4.0,0.0,10.0
2024-05-04 01:00:00,0.0,-0.0,11.912077536501352,0.0,4.0,0.0,10.0
2024-05-04 02:00:00,0.0,-0.0,17.141469151863447,0.0,4.0,0.0,10.0
2024-05-04 03:00:00,0.8595014297043873,0.0,14.873019205670959,0.0,4.0,0.0,10.0
2024-05-04 04:00:00,0.0,0.6147668834380798,17.20402418107161,0.0,4.773551286733949,0.0,11.933878216834874
2024-05-04 05:00:00,0.0,0.7735512867339485,1.3818779351176356,0.0,4.220261091639677,0.0,10.550652729099193
2024-05-04 06:00:00,0.8595014297043873,0.0,0.0,27.31092540129911,4.0,0.0,10.0
2024-05-04 07:00:00,0.8595014297043873,0.0,0.0,57.52059320741841,4.773551286733949,0.0,11.933878216834874
2024-05-04 08:00:00,30.0,26.226448713266052,0.0,70.0,5.547102573467898,9.856967763532836,13.867756433669745
2024-05-04 09:00:00,30.0,26.22644871326605,0.0,70.0,8.94329873152845,26.88387729400672,22.358246828821127
2024-05-04 10:00:00,30.0,26.226448713266052,0.0,70.0,12.339494889589007,22.829700907842806,30.848737223972517
2024-05-04 11:00:00,30.0,26.22644871326605,0.0,70.0,15.73569104764956,40.672170759204676,39.3392276191239
2024-05-04 12:00:00,30.0,26.22644871326605,0.0,70.0,19.131887205710115,46.29091702798894,47.82971801427529
2024-05-04 13:00:00,30.0,26.22644871326605,0.0,70.0,22.52808336377067,34.261863500873716,56.32020840942668
2024-05-04 14:00:00,30.0,26.22644871326606,0.0,70.0,25.924279521831224,16.398103956972825,64.81069880457807
2024-05-04 15:00:00,0.0,0.7735512867339485,0.0,69.0471764368358,29.32047567989177,0.0,73.30118919972944
2024-05-04 16:00:00,0.0,0.7735512867339485,0.0,39.81930940089686,28.624279521831216,0.0,71.56069880457804
2024-05-04 17:00:00,0.0,0.7735512867339485,0.0,15.007012248835755,27.92808336377066,0.0,69.82020840942666
2024-05-04 18:00:00,0.0,9.03960750077541,0.0,0.0,27.231887205710105,0.0,68.07971801427526
2024-05-04 19:00:00,0.0,17.09355817562856,0.0,0.0,19.096240455012236,0.0,47.74060113753059
2024-05-04 20:00:00,0.0,-0.0,9.794467630769358,0.0,4.0,0.0,10.0
2024-05-04 21:00:00,0.0,-0.0,14.132244989221732,0.0,4.0,0.0,10.0
2024-05-04 22:00:00,0.0,-0.0,16.275398123613133,0.0,4.0,0.0,10.0
2024-05-04 23:00:00,0.0,-0.0,13.617509286147788,0.0,4.0,0.0,10.0
2024-05-05 00:00:00,0.0,-0.0,14.705086511380328,0.0,4.0,0.0,10.0
2024-05-05 01:00:00,0.8595014297043873,0.0,12.620243595920591,0.0,4.0,0.0,10.0
2024-05-05 02:00:00,0.0,0.6147668834380798,11.31238212965786,0.0,4.773551286733949,0.0,11.933878216834874
2024-05-05 03:00:00,0.0,0.0,14.410997628310408,0.0,4.220261091639677,0.0,10.550652729099193
2024-05-05 04:00:00,0.0,0.7735512867339485,14.607916626412912,0.0,4.220261091639677,0.0,10.550652729099193
2024-05-05 05:00:00,0.8595014297043873,0.0,0.0,1.8042719199668975,4.0,0.0,10.0
2024-05-05 06:00:00,0.8595014297043873,0.0,0.0,24.195649004785757,4.773551286733949,0.0,11.933878216834874
2024-05-05 07:00:00,0.0,0.7735512867339485,0.0,52.97008293968325,5.547102573467898,0.0,13.867756433669745
2024-05-05 08:00:00,0.0,0.7735512867339485,0.0,69.06106595650239,4.850906415407344,0.0,12.12726603851836
2024-05-05 09:00:00,30.0,26.226448713266052,0.0,70.0,4.154710257346791,0.5955970705803111,10.386775643366978
2024-05-05 10:00:00,30.0,26.22644871326605,0.0,70.0,7.5509064154073435,12.529762379630295,18.877266038518357
2024-05-05 11:00:00,30.0,26.226448713266052,0.0,70.0,10.9471025734679,23.02830845259369,27.367756433669747
2024-05-05 12:00:00,30.0,26.22644871326605,0.0,70.0,14.343298731528453,26.168757187721123,35.85824682882113
2024-05-05 13:00:00,30.0,26.22644871326605,0.0,70.0,17.73949488958901,11.39767476127778,44.34873722397253
2024-05-05 14:00:00,30.0,26.22644871326605,0.0,70.0,21.135691047649566,9.364821030275404,52.83922761912392
2024-05-05 15:00:00,0.0,0.7735512867339485,0.0,64.65677045301373,24.53188720571012,0.0,61.3297180142753
2024-05-05 16:00:00,0.0,0.7735512867339485,0.0,23.137392838779245,23.835691047649565,0.0,59.58922761912391
2024-05-05 17:00:00,0.0,0.7735512867339485,0.0,7.745547309437455,23.13949488958901,0.0,57.84873722397252
2024-05-05 18:00:00,0.0,0.7735512867339485,7.306701339193088,0.0,22.443298731528454,0.0,56.10824682882114
2024-05-05 19:00:00,0.0,0.7735512867339485,12.997187335290851,0.0,21.7471025734679,0.0,54.36775643366975
2024-05-05 20:00:00,0.0,0.7735512867339485,13.22777743631074,0.0,21.050906415407344,0.0,52.627266038518364
2024-05-05 21:00:00,0.0,0.7735512867339485,11.604974607789025,0.0,20.354710257346788,0.0,50.88677564336697
2024-05-05 22:00:00,0.0,0.7735512867339485,12.635893486499048,0.0,19.658514099286233,0.0,49.146285248215584
2024-05-05 23:00:00,0.0,0.7735512867339485,12.523595428819302,0.0,18.962317941225677,0.0,47.405794853064194
2024-05-06 00:00:00,0.0,0.7735512867339485,19.45174726510649,0.0,18.266121783165122,0.0,45.665304457912804
2024-05-06 01:00:00,0.0,0.7735512867339485,22.08443194519405,0.0,17.569925625104567,0.0,43.92481406276142
2024-05-06 02:00:00,0.0,0.7735512867339485,22.631816053961494,0.0,16.87372946704401,0.0,42.18432366761003
2024-05-06 03:00:00,0.0,0.7735512867339485,18.742017223770382,0.0,16.177533308983456,0.0,40.44383327245864
2024-05-06 04:00:00,0.0,0.7735512867339485,12.45954499056479,0.0,15.481337150922903,0.0,38.70334287730726
2024-05-06 05:00:00,0.0,0.7735512867339485,3.0560818468549438,0.0,14.785140992862349,0.0,36.962852482155874
2024-05-06 06:00:00,0.0,0.7735512867339485,24.80755061470098,0.0,14.088944834801795,0.0,35.22236208700449
2024-05-06 07:00:00,0.0,0.7735512867339485,0.0,3.671727506949303,13.392748676741242,0.0,33.4818716918531
2024-05-06 08:00:00,0.0,0.7735512867339485,17.56878433176594,0.0,12.696552518680688,0.0,31.74138129670172
2024-05-06 09:00:00,0.0,0.7735512867339485,0.0,10.071954811513862,12.000356360620135,0.0,30.000890901550335
2024-05-06 10:00:00,0.0,0.7735512867339485,11.076514041890498,0.0,11.304160202559581,0.0,28.260400506398952
2024-05-06 11:00:00,0.0,0.7735512867339485,0.0,10.084572093750928,10.607964044499028,0.0,26.51991011124757
2024-05-06 12:00:00,0.0,0.0,0.0,24.600273677100937,9.911767886438474,0.0,24.779419716096186
2024-05-06 13:00:00,0.09023870617856508,0.0,0.0,28.092276316321186,9.911767886438474,0.0,24.779419716096186
2024-05-06 14:00:00,0.0,0.7735512867339485,1.077552643148905,0.0,9.992982721999182,0.0,24.982456804997955
2024-05-06 15:00:00,0.0,0.7735512867339485,6.512688331486544,0.0,9.296786563938628,0.0,23.24196640984657
2024-05-06 16:00:00,0.0,0.7735512867339485,13.241883136699727,0.0,8.600590405878075,0.0,21.501476014695186
2024-05-06 17:00:00,0.0,0.7735512867339485,21.311829537382156,0.0,7.904394247817521,0.0,19.760985619543803
2024-05-06 18:00:00,0.0,0.7735512867339485,33.088674252152174,0.0,7.2081980897569675,0.0,18.02049522439242
2024-05-06 19:00:00,0.0,5.685692655638918,47.786618143854646,0.0,6.512001931696414,0.0,16.280004829241037
2024-05-06 20:00:00,0.0,-0.0,51.63330259729979,0.0,4.0,0.0,10.0
2024-05-06 21:00:00,0.0,-0.0,42.8874798482023,0.0,4.0,0.0,10.0
2024-05-06 22:00:00,0.8595014297043873,0.0,17.4960789032531,0.0,4.0,0.0,10.0
2024-05-06 23:00:00,0.8595014297043873,0.0,20.84112346628178,0.0,4.773551286733949,0.0,11.933878216834874
2024-05-07 00:00:00,0.8595014297043873,0.0,23.02693232007404,0.0,5.547102573467898,0.0,13.867756433669745
2024-05-07 01:00:00,0.8595014297043873,0.0,21.515009396616854,0.0,6.320653860201847,0.0,15.801634650504617
2024-05-07 02:00:00,0.8595014297043873,0.0,22.930223752634877,0.0,7.094205146935796,0.0,17.73551286733949
2024-05-07 03:00:00,0.8595014297043835,0.0,22.581780406271164,0.0,7.8677564336697445,0.0,19.66939108417436
2024-05-07 04:00:00,0.8595014297043873,0.0,14.848900568979339,0.0,8.64130772040369,0.0,21.603269301009227
2024-05-07 05:00:00,0.8595014297043873,0.0,5.311155030995955,0.0,9.414859007137638,0.0,23.537147517844094
2024-05-07 06:00:00,0.8595014297043873,0.0,8.879529410417078,0.0,10.188410293871586,0.0,25.471025734678964
2024-05-07 07:00:00,0.0,0.7735512867339485,12.622881183940333,0.0,10.961961580605534,0.0,27.404903951513838
2024-05-07 08:00:00,0.8595014297043873,0.0,0.0,11.719260748771902,10.26576542254498,0.0,25.664413556362454
2024-05-07 09:00:00,0.8595014297043873,0.0,0.0,15.232102422937487,11.039316709278928,0.0,27.59829177319732
2024-05-07 10:00:00,0.0,0.7735512867339485,10.408609555042823,0.0,11.812867996012876,0.0,29.53216999003219
2024-05-07 11:00:00,0.8595014297043873,0.0,0.0,8.559430445090115,11.116671837952323,0.0,27.791679594880808
2024-05-07 12:00:00,0.8595014297043873,0.0,0.0,40.70812317148561,11.89022312468627,0.0,29.725557811715674
2024-05-07 13:00:00,0.8595014297043873,0.0,0.0,13.478118773171431,12.663774411420219,0.0,31.659436028550548
2024-05-07 14:00:00,0.8113541941173992,0.0,0.0,0.0,13.437325698154167,0.0,33.59331424538542
2024-05-07 15:00:00,0.8595014297043873,0.0,0.0,17.865658389303277,14.167544472859825,0.0,35.41886118214956
2024-05-07 16:00:00,0.0,0.0,0.0,3.500204609754398,14.941095759593773,0.0,37.35273939898443
2024-05-07 17:00:00,0.0,0.7735512867339485,18.470645731467208,0.0,14.941095759593773,0.0,37.35273939898443
2024-05-07 18:00:00,0.0,0.7735512867339485,41.1027329076441,0.0,14.24489960153322,0.0,35.61224900383305
2024-05-07 19:00:00,0.0,0.7735512867339485,41.38162763374367,0.0,13.548703443472666,0.0,33.87175860868167
2024-05-07 20:00:00,0.0,30.0,18.76815605807179,0.0,12.852507285412113,0.0,32.131268213530284
2024-05-07 21:00:00,0.0,-0.0,52.21061178964554,0.0,4.0,0.0,10.0
2024-05-07 22:00:00,0.0,-0.0,24.4551777024388,0.0,4.0,0.0,10.0
2024-05-07 23:00:00,0.8595014297043873,0.0,18.34461585456518,0.0,4.0,0.0,10.0
2024-05-08 00:00:00,0.8595014297043873,0.0,19.901053343336592,0.0,4.773551286733949,0.0,11.933878216834874
2024-05-08 01:00:00,0.8595014297043873,0.0,19.01902290597471,0.0,5.547102573467898,0.0,13.867756433669745
2024-05-08 02:00:00,0.0,0.7735512867339485,19.72828166937189,0.0,6.320653860201847,0.0,15.801634650504617
2024-05-08 03:00:00,0.8595014297043873,0.0,19.898958039938027,0.0,5.624457702141293,0.0,14.061144255353234
2024-05-08 04:00:00,0.0,0.7735512867339485,15.641083335022987,0.0,6.398008988875242,0.0,15.995022472188106
2024-05-08 05:00:00,0.0,0.7735512867339485,15.058566323459093,0.0,5.7018128308146885,0.0,14.254532077036721
2024-05-08 06:00:00,0.0,0.7735512867339485,31.87054561132834,0.0,5.005616672754135,0.0,12.514041681885338
2024-05-08 07:00:00,0.0,0.7735512867339485,0.0,14.208198167820065,4.309420514693581,0.0,10.773551286733953
2024-05-08 08:00:00,0.8595014297043873,0.0,0.0,35.1366169366796,4.0,0.0,10.0
2024-05-08 09:00:00,0.0,0.0,0.0,20.406017742539298,4.773551286733949,0.0,11.933878216834874
2024-05-08 10:00:00,0.0,0.0,0.0,27.184850745892064,4.773551286733949,0.0,11.933878216834874
2024-05-08 11:00:00,0.8595014297043873,0.0,0.0,44.86049929696834,4.773551286733949,0.0,11.933878216834874
2024-05-08 12:00:00,0.0,0.7735512867339485,26.031595300322714,0.0,5.547102573467898,0.0,13.867756433669745
2024-05-08 13:00:00,0.8595014297043873,0.0,0.0,48.353953523399866,4.850906415407344,0.0,12.12726603851836
2024-05-08 14:00:00,0.8595014297043873,0.0,0.0,33.537378275187905,5.624457702141293,0.0,14.061144255353234
2024-05-08 15:00:00,0.0,0.0,0.0,20.29842332665912,6.398008988875242,0.0,15.995022472188106
2024-05-08 16:00:00,0.0,0.7735512867339485,6.979654060362314,0.0,6.398008988875242,0.0,15.995022472188106
2024-05-08 17:00:00,0.0,0.7735512867339485,19.360886517658543,0.0,5.7018128308146885,0.0,14.254532077036721
2024-05-08 18:00:00,0.0,0.7735512867339485,35.38869861923409,0.0,5.005616672754135,0.0,12.514041681885338
2024-05-08 19:00:00,0.0,0.4006170107220284,42.324115834461615,0.0,4.309420514693581,0.0,10.773551286733953
2024-05-08 20:00:00,0.0,-0.0,43.151621044517015,0.0,4.0,0.0,10.0
2024-05-08 21:00:00,0.0,-0.0,49.63465353848329,0.0,4.0,0.0,10.0
2024-05-08 22:00:00,0.8595014297043873,0.0,19.981612702184428,0.0,4.0,0.0,10.0
2024-05-08 23:00:00,0.0,0.0,22.163476190081447,0.0,4.773551286733949,0.0,11.933878216834874
2024-05-09 00:00:00,0.17642711477318734,0.0,20.504091583739946,0.0,4.773551286733949,0.0,11.933878216834874
2024-05-09 01:00:00,0.8595014297043873,0.0,19.290773582454257,0.0,4.932335690029817,0.0,12.330839225074545
2024-05-09 02:00:00,0.0,0.0,16.12278601256207,0.0,5.705886976763766,0.0,14.264717441909417
2024-05-09 03:00:00,0.0,0.0,24.77552593304565,0.0,5.705886976763766,0.0,14.264717441909417
2024-05-09 04:00:00,0.0,0.0,20.172033178741447,0.0,5.705886976763766,0.0,14.264717441909417
2024-05-09 05:00:00,0.0,0.28497563899909245,13.227556701051451,0.0,5.705886976763766,0.0,14.264717441909417
2024-05-09 06:00:00,0.0,0.7735512867339485,21.866239534217183,0.0,5.449408901664583,0.0,13.623522254161458
2024-05-09 07:00:00,0.0,0.5375875387419414,0.0,0.39917741665316286,4.7532127436040295,0.0,11.883031859010075
2024-05-09 08:00:00,0.0,0.7735512867339485,0.0,36.52871985920975,4.269383958736282,0.0,10.673459896840704
2024-05-09 09:00:00,0.8595014297043873,0.0,0.0,59.940571081804165,4.0,0.0,10.0
2024-05-09 10:00:00,0.8595014297043873,0.0,0.0,23.225273578443023,4.773551286733949,0.0,11.933878216834874
2024-05-09 11:00:00,23.65161345351564,20.512900821430126,0.0,70.0,5.547102573467898,0.0,13.867756433669745
2024-05-09 12:00:00,0.0,0.7735512867339485,0.0,68.21371022366458,8.371943942344862,0.0,20.929859855862155
2024-05-09 13:00:00,0.0,0.7735512867339485,0.0,27.858871969519242,7.675747784284308,0.0,19.189369460710772
2024-05-09 14:00:00,0.8595014297043873,0.0,0.0,42.38548226940104,6.9795516262237545,0.0,17.448879065559385
2024-05-09 15:00:00,0.0,0.7735512867339485,28.145919809637498,0.0,7.753102912957703,0.0,19.38275728239426
2024-05-09 16:00:00,0.0,0.7735512867339485,12.31312457645291,0.0,7.05690675489715,0.0,17.642266887242876
2024-05-09 17:00:00,0.0,0.7735512867339485,29.41296641585135,0.0,6.360710596836596,0.0,15.901776492091491
2024-05-09 18:00:00,0.0,0.7735512867339485,34.24748456965184,0.0,5.664514438776043,0.0,14.161286096940106
2024-05-09 19:00:00,0.0,0.7735512867339485,44.49737556426133,0.0,4.968318280715489,0.0,12.420795701788723
2024-05-09 20:00:00,0.0,0.7735512867339485,41.43947503748493,0.0,4.2721221226549355,0.0,10.680305306637338
2024-05-09 21:00:00,0.0,-0.0,42.1983160077911,0.0,4.0,0.0,10.0
2024-05-09 22:00:00,0.8595014297043873,0.0,20.729080177229566,0.0,4.0,0.0,10.0
2024-05-09 23:00:00,0.3155516952159097,0.0,21.188450017533757,0.0,4.773551286733949,0.0,11.933878216834874
2024-05-10 00:00:00,0.0,0.7735512867339485,23.212729581483913,0.0,5.057547812428267,0.0,12.643869531070667
2024-05-10 01:00:00,0.0,0.0,19.005594141243066,0.0,4.361351654367714,0.0,10.903379135919284
2024-05-10 02:00:00,0.0,0.0,20.439575901114797,0.0,4.361351654367714,0.0,10.903379135919284
2024-05-10 03:00:00,0.0,0.0,18.51874359725758,0.0,4.361351654367714,0.0,10.903379135919284
2024-05-10 04:00:00,0.0,0.0,17.701799052982466,0.0,4.361351654367714,0.0,10.903379135919284
2024-05-10 05:00:00,0.7203768492616636,0.0,0.0,0.0,4.361351654367714,0.0,10.903379135919284
2024-05-10 06:00:00,0.0,0.7735512867339485,17.82772366009496,0.0,5.009690818703211,0.0,12.524227046758027
2024-05-10 07:00:00,0.3971933101656507,0.0,0.0,29.47714642827255,4.313494660642657,0.0,10.783736651606644
2024-05-10 08:00:00,0.0,0.7735512867339485,0.0,18.366264630822116,4.670968639791743,0.0,11.677421599479358
2024-05-10 09:00:00,0.0,-0.0,0.0,67.36018148991703,4.0,0.0,10.0
2024-05-10 10:00:00,0.8595014297043873,0.0,0.0,56.06471242113642,4.0,0.0,10.0
2024-05-10 11:00:00,30.0,26.226448713266052,0.0,70.0,4.773551286733949,7.524470722367795,11.933878216834874
2024-05-10 12:00:00,30.0,26.22644871326605,0.0,70.0,8.169747444794503,14.73447584077439,20.424368611986257
2024-05-10 13:00:00,30.0,26.226448713266052,0.0,70.0,11.565943602855059,0.27997914273312574,28.91485900713765
2024-05-10 14:00:00,0.1313368574615481,0.0,0.0,70.0,14.962139760915612,0.0,37.405349402289026
2024-05-10 15:00:00,0.0,0.7735512867339485,0.0,39.07306245335334,15.080342932631005,0.0,37.70085733157752
2024-05-10 16:00:00,0.0,0.7735512867339485,6.5667510228070185,0.0,14.384146774570452,0.0,35.960366936426134
2024-05-10 17:00:00,0.0,0.7735512867339485,30.510631919440215,0.0,13.687950616509898,0.0,34.21987654127474
2024-05-10 18:00:00,0.0,0.7735512867339485,36.650279372039414,0.0,12.991754458449345,0.0,32.47938614612336
2024-05-10 19:00:00,0.0,0.7735512867339485,43.19020864676379,0.0,12.295558300388791,0.0,30.738895750971977
2024-05-10 20:00:00,0.0,18.78138503351535,23.20151937316671,0.0,11.599362142328237,0.0,28.998405355820594
2024-05-10 21:00:00,0.0,-0.0,43.25634975374827,0.0,4.0,0.0,10.0
2024-05-10 22:00:00,0.0,0.0,19.968011291660293,0.0,4.0,0.0,10.0
2024-05-10 23:00:00,0.0,0.0,20.30540254044504,0.0,4.0,0.0,10.0
2024-05-11 00:00:00,0.0,-0.0,13.421205093191604,0.0,4.0,0.0,10.0
2024-05-11 01:00:00,0.0,0.0,12.477936705986943,0.0,4.0,0.0,10.0
2024-05-11 02:00:00,0.8595014297043873,0.0,14.833096293762072,0.0,4.0,0.0,10.0
2024-05-11 03:00:00,0.0,0.7735512867339485,10.91891454225556,0.0,4.773551286733949,0.0,11.933878216834874
2024-05-11 04:00:00,0.0,0.0,14.446529944106016,0.0,4.077355128673395,0.0,10.193387821683489
2024-05-11 05:00:00,0.8595014297043873,0.0,0.0,0.954145939966921,4.077355128673395,0.0,10.193387821683489
2024-05-11 06:00:00,0.0,0.0,0.0,29.731394750865874,4.850906415407344,0.0,12.12726603851836
2024-05-11 07:00:00,0.0,0.7735512867339485,0.0,35.218313827875775,4.850906415407344,0.0,12.12726603851836
2024-05-11 08:00:00,0.0,0.5870841487279884,0.0,32.93867530444144,4.154710257346791,0.0,10.386775643366978
2024-05-11 09:00:00,0.0,-0.0,0.0,58.003952588000395,4.0,0.0,10.0
2024-05-11 10:00:00,0.8595014297043873,0.0,0.0,42.99421381856647,4.0,0.0,10.0
2024-05-11 11:00:00,0.8595014297043873,0.0,0.0,66.01969940026359,4.773551286733949,0.0,11.933878216834874
2024-05-11 12:00:00,30.0,26.226448713266052,0.0,70.0,5.547102573467898,8.235946307000233,13.867756433669745
2024-05-11 13:00:00,0.0,0.7735512867339485,0.0,24.944447306640868,8.94329873152845,0.0,22.358246828821127
2024-05-11 14:00:00,0.0,0.7735512867339485,0.0,43.067293612195115,8.247102573467897,0.0,20.617756433669744
2024-05-11 15:00:00,0.0,0.3243705624723419,0.0,61.071945401890304,7.5509064154073435,0.0,18.877266038518357
2024-05-11 16:00:00,0.0,0.7735512867339485,0.0,32.93216284611838,7.258972909182236,0.0,18.14743227295559
2024-05-11 17:00:00,0.0,0.7735512867339485,0.0,9.345161215085191,6.562776751121683,0.0,16.406941877804208
2024-05-11 18:00:00,0.0,0.7735512867339485,6.289210401658783,0.0,5.866580593061129,0.0,14.666451482652823
2024-05-11 19:00:00,0.0,0.7735512867339485,12.861551636923616,0.0,5.170384435000575,0.0,12.92596108750144
2024-05-11 20:00:00,0.0,0.7735512867339485,12.96136105789932,0.0,4.474188276940022,0.0,11.185470692350055
2024-05-11 21:00:00,0.0,-0.0,13.037181398595648,0.0,4.0,0.0,10.0
2024-05-11 22:00:00,0.0,-0.0,13.358780349369964,0.0,4.0,0.0,10.0
2024-05-11 23:00:00,0.8595014297043873,0.0,18.36570709074312,0.0,4.0,0.0,10.0
2024-05-12 00:00:00,0.0,0.0,13.857450046301429,0.0,4.773551286733949,0.0,11.933878216834874
2024-05-12 01:00:00,0.0,0.7735512867339485,17.016673614447786,0.0,4.773551286733949,0.0,11.933878216834874
2024-05-12 02:00:00,0.5333435692999492,0.0,14.321160229836721,0.0,4.077355128673395,0.0,10.193387821683489
2024-05-12 03:00:00,0.0,0.5679463916391286,17.03351843075916,0.0,4.55736434104335,0.0,11.393410852608374
2024-05-12 04:00:00,0.8595014297043873,0.0,14.139770491290678,0.0,4.0462125885681335,0.0,10.115531471420333
2024-05-12 05:00:00,0.0,0.01658004044120478,10.554018662968309,0.0,4.819763875302082,0.0,12.049409688255205
2024-05-12 06:00:00,0.0,0.7735512867339485,3.827074901465761,0.0,4.8048418389049985,0.0,12.012104597262496
2024-05-12 07:00:00,0.4014110171601581,0.0,0.0,2.776356036898405,4.108645680844445,0.0,10.271614202111113
2024-05-12 08:00:00,0.0,0.7735512867339485,0.0,59.43651283460303,4.469915596288587,0.0,11.174788990721467
2024-05-12 09:00:00,30.0,26.22644871326605,0.0,70.0,4.0,18.933787858528557,10.0
2024-05-12 10:00:00,30.0,26.226448713266052,0.0,70.0,7.396196158060556,2.9881376594244102,18.49049039515139
2024-05-12 11:00:00,30.0,26.22644871326605,0.0,70.0,10.79239231612111,35.863520524081565,26.980980790302773
2024-05-12 12:00:00,30.0,26.226448713266052,0.0,70.0,14.188588474181666,48.087223763777985,35.47147118545416
2024-05-12 13:00:00,0.0,0.7735512867339485,0.0,30.548624700897996,17.58478463224222,0.0,43.961961580605546
2024-05-12 14:00:00,28.291388199502713,26.235800666286387,0.0,70.0,16.888588474181663,0.0,42.221471185454156
2024-05-12 15:00:00,0.0,0.7735512867339485,0.0,37.257223108876815,18.738617254076356,0.0,46.846543135190885
2024-05-12 16:00:00,0.0,0.7735512867339485,0.0,14.00743252878581,18.0424210960158,0.0,45.1060527400395
2024-05-12 17:00:00,0.0,0.7735512867339485,0.0,8.834728352239818,17.346224937955245,0.0,43.36556234488811
2024-05-12 18:00:00,0.0,7.538190931611766,0.0,0.0,16.65002877989469,0.0,41.62507194973672
2024-05-12 19:00:00,0.0,0.7735512867339485,13.185286997361244,0.0,9.8656569414441,0.0,24.664142353610252
2024-05-12 20:00:00,0.0,0.7735512867339485,15.741483977237827,0.0,9.169460783383547,0.0,22.92365195845887
2024-05-12 21:00:00,0.0,0.7735512867339485,14.595152324072703,0.0,8.473264625322994,0.0,21.183161563307486
2024-05-12 22:00:00,0.0,0.7735512867339485,14.557932925324469,0.0,7.77706846726244,0.0,19.4426711681561
2024-05-12 23:00:00,0.0,0.7735512867339485,9.488276903393086,0.0,7.080872309201887,0.0,17.702180773004716
2024-05-13 00:00:00,0.0,0.7735512867339485,15.906407725326506,0.0,6.384676151141333,0.0,15.961690377853333
2024-05-13 01:00:00,0.0,0.0,21.75167684101467,0.0,5.6884799930807795,0.0,14.221199982701949
2024-05-13 02:00:00,0.0,0.7735512867339485,20.23238212981022,0.0,5.6884799930807795,0.0,14.221199982701949
2024-05-13 03:00:00,0.0,0.0,17.614581264781204,0.0,4.992283835020226,0.0,12.480709587550564
2024-05-13 04:00:00,0.0,0.0,19.602847306542078,0.0,4.992283835020226,0.0,12.480709587550564
2024-05-13 05:00:00,0.8595014297043873,0.0,0.0,1.4478813069320131,4.992283835020226,0.0,12.480709587550564
2024-05-13 06:00:00,0.0,0.0,0.0,1.579145255556078,5.765835121754175,0.0,14.414587804385437
2024-05-13 07:00:00,0.0,0.7735512867339485,0.0,30.977623638749613,5.765835121754175,0.0,14.414587804385437
2024-05-13 08:00:00,0.0,0.7735512867339485,0.0,51.236949957348585,5.069638963693621,0.0,12.674097409234053
2024-05-13 09:00:00,0.0,0.0,0.0,46.280659597841534,4.373442805633068,0.0,10.93360701408267
2024-05-13 10:00:00,0.8595014297043873,0.0,0.0,42.53796725263088,4.373442805633068,0.0,10.93360701408267
2024-05-13 11:00:00,0.8595014297043873,0.0,0.0,69.43732645513047,5.1469940923670165,0.0,12.867485230917541
2024-05-13 12:00:00,30.0,26.226448713266052,0.0,70.0,5.9205453791009655,12.660493822118383,14.801363447752413
2024-05-13 13:00:00,30.0,26.22644871326605,0.0,70.0,9.31674153716152,3.6174079769409637,23.291853842903798
2024-05-13 14:00:00,0.0,0.7735512867339485,0.0,53.09738206118488,12.712937695222076,0.0,31.782344238055188
2024-05-13 15:00:00,0.0,0.7735512867339485,0.0,40.882985088888915,12.016741537161522,0.0,30.041853842903805
2024-05-13 16:00:00,0.0,0.7735512867339485,0.0,4.994384579599327,11.320545379100968,0.0,28.30136344775242
2024-05-13 17:00:00,0.0,8.119509557673025,10.813077176724223,0.0,10.624349221040415,0.0,26.560873052601035
2024-05-13 18:00:00,0.8595014297043873,0.0,51.28071267617562,0.0,4.0,0.0,10.0
2024-05-13 19:00:00,0.0,0.7735512867339485,52.08064503288107,0.0,4.773551286733949,0.0,11.933878216834874
2024-05-13 20:00:00,0.0,0.2935420743639942,44.84634988630465,0.0,4.077355128673395,0.0,10.193387821683489
2024-05-13 21:00:00,0.012823050670960715,0.0,36.9069773653458,0.0,4.0,0.0,10.0
2024-05-13 22:00:00,0.0,0.0,19.35578596318409,0.0,4.011540745603865,0.0,10.028851864009662
2024-05-13 23:00:00,0.8595014297043873,0.0,19.95764166871023,0.0,4.011540745603865,0.0,10.028851864009662
2024-05-14 00:00:00,0.8595014297043873,0.0,22.35297518925771,0.0,4.785092032337814,0.0,11.962730080844535
2024-05-14 01:00:00,0.0,0.0,15.023797840445155,0.0,5.558643319071763,0.0,13.896608297679409
2024-05-14 02:00:00,0.0,0.0,20.181112531742617,0.0,5.558643319071763,0.0,13.896608297679409
2024-05-14 03:00:00,0.3170172242109505,0.0,20.090000847760745,0.0,5.558643319071763,0.0,13.896608297679409
2024-05-14 04:00:00,0.0,0.0,16.44382321970091,0.0,5.843958820861618,0.0,14.609897052154047
2024-05-14 05:00:00,0.8595014297043873,0.0,17.14531835532543,0.0,5.843958820861618,0.0,14.609897052154047
2024-05-14 06:00:00,0.0,0.7735512867339485,39.18701892767442,0.0,6.617510107595567,0.0,16.54377526898892
2024-05-14 07:00:00,0.0,0.7735512867339485,18.859355100860984,0.0,5.921313949535014,0.0,14.803284873837535
2024-05-14 08:00:00,0.0,0.7735512867339485,26.597062365026773,0.0,5.22511779147446,0.0,13.062794478686152
2024-05-14 09:00:00,0.0,0.7735512867339485,15.370147480061465,0.0,4.528921633413907,0.0,11.322304083534766
2024-05-14 10:00:00,0.8595014297043873,0.0,17.904309734112495,0.0,4.0,0.0,10.0
2024-05-14 11:00:00,0.0,0.7735512867339485,13.29019402541298,0.0,4.773551286733949,0.0,11.933878216834874
2024-05-14 12:00:00,0.0,0.2935420743639942,23.771022910753615,0.0,4.077355128673395,0.0,10.193387821683489
2024-05-14 13:00:00,0.8595014297043873,0.0,0.0,27.91471685829422,4.0,0.0,10.0
2024-05-14 14:00:00,0.18925016544414805,0.0,0.0,16.6874850253533,4.773551286733949,0.0,11.933878216834874
2024-05-14 15:00:00,0.8595014297043873,0.0,0.0,16.827449859892354,4.943876435633682,0.0,12.359691089084206
2024-05-14 16:00:00,0.8595014297043873,0.0,0.0,7.252737747549084,5.717427722367631,0.0,14.29356930591908
2024-05-14 17:00:00,0.0,0.7735512867339485,23.840795215704293,0.0,6.49097900910158,0.0,16.227447522753952
2024-05-14 18:00:00,0.0,0.7735512867339485,44.92113185656965,0.0,5.794782851041027,0.0,14.486957127602567
2024-05-14 19:00:00,0.0,1.5586433190717628,52.21061178964554,0.0,5.098586692980473,0.0,12.746466732451184
2024-05-14 20:00:00,0.0,-0.0,44.16327785691448,0.0,4.0,0.0,10.0
2024-05-14 21:00:00,0.0,-0.0,42.51957435125876,0.0,4.0,0.0,10.0
2024-05-14 22:00:00,0.0,0.0,27.50124144765074,0.0,4.0,0.0,10.0
2024-05-14 23:00:00,0.8595014297043873,0.0,23.896502027231588,0.0,4.0,0.0,10.0
2024-05-15 00:00:00,0.0,0.0,17.285206932980557,0.0,4.773551286733949,0.0,11.933878216834874
2024-05-15 01:00:00,0.8595014297043873,0.0,26.02589673805082,0.0,4.773551286733949,0.0,11.933878216834874
2024-05-15 02:00:00,0.8595014297043873,0.0,18.35303394233567,0.0,5.547102573467898,0.0,13.867756433669745
2024-05-15 03:00:00,0.0,0.29719807684634264,16.33684435064231,0.0,6.320653860201847,0.0,15.801634650504617
2024-05-15 04:00:00,0.8595014297043873,0.0,26.474315729095277,0.0,6.053175591040138,0.0,15.132938977600347
2024-05-15 05:00:00,0.0,0.0,18.97349336610546,0.0,6.826726877774087,0.0,17.06681719443522
2024-05-15 06:00:00,0.0,0.7735512867339485,23.905489457876453,0.0,6.826726877774087,0.0,17.06681719443522
2024-05-15 07:00:00,0.0,0.7735512867339485,5.443670067728135,0.0,6.1305307197135335,0.0,15.326326799283835
2024-05-15 08:00:00,0.8595014297043873,0.0,0.0,3.112547532073904,5.43433456165298,0.0,13.58583640413245
2024-05-15 09:00:00,0.0,0.0,0.0,23.06177794841873,6.207885848386929,0.0,15.519714620967322
2024-05-15 10:00:00,0.0,0.7735512867339485,18.60314549227551,0.0,6.207885848386929,0.0,15.519714620967322
2024-05-15 11:00:00,0.8595014297043873,0.0,0.0,30.450365110904173,5.511689690326375,0.0,13.77922422581594
2024-05-15 12:00:00,0.0,0.0,0.0,15.780049845436046,6.285240977060324,0.0,15.713102442650811
2024-05-15 13:00:00,0.0,0.7735512867339485,14.218993106449034,0.0,6.285240977060324,0.0,15.713102442650811
2024-05-15 14:00:00,0.0,0.7735512867339485,19.36853179974612,0.0,5.589044818999771,0.0,13.972612047499428
2024-05-15 15:00:00,0.8595014297043873,0.0,11.769935763803268,0.0,4.892848660939217,0.0,12.232121652348042
2024-05-15 16:00:00,0.0,0.7735512867339485,12.710088634904661,0.0,5.666399947673166,0.0,14.165999869182915
2024-05-15 17:00:00,0.0,0.7735512867339485,25.91554364040557,0.0,4.970203789612612,0.0,12.42550947403153
2024-05-15 18:00:00,0.0,0.7735512867339485,40.76274369605908,0.0,4.274007631552059,0.0,10.685019078880147
2024-05-15 19:00:00,0.0,0.0,41.2705479590935,0.0,4.0,0.0,10.0
2024-05-15 20:00:00,0.0,-0.0,43.51447749961438,0.0,4.0,0.0,10.0
2024-05-15 21:00:00,0.8595014297043873,0.0,50.67142633331381,0.0,4.0,0.0,10.0
2024-05-15 22:00:00,0.0,0.7735512867339485,19.405525720598643,0.0,4.773551286733949,0.0,11.933878216834874
2024-05-15 23:00:00,0.8595014297043873,0.0,20.62537247312176,0.0,4.077355128673395,0.0,10.193387821683489
2024-05-16 00:00:00,0.8595014297043873,0.0,20.893046756525752,0.0,4.850906415407344,0.0,12.12726603851836
2024-05-16 01:00:00,0.8595014297043873,0.0,19.437159568115234,0.0,5.624457702141293,0.0,14.061144255353234
2024-05-16 02:00:00,0.0,0.7735512867339485,18.177739702298712,0.0,6.398008988875242,0.0,15.995022472188106
2024-05-16 03:00:00,0.8595014297043873,0.0,18.29437003219318,0.0,5.7018128308146885,0.0,14.254532077036721
2024-05-16 04:00:00,0.525329931916302,0.0,20.325470344586524,0.0,6.475364117548637,0.0,16.188410293871595
2024-05-16 05:00:00,0.8595014297043873,0.0,3.1480969808798953,0.0,6.948161056273309,0.0,17.370402640683274
2024-05-16 06:00:00,0.0,0.7735512867339485,34.531442133787074,0.0,7.721712343007258,0.0,19.304280857518147
2024-05-16 07:00:00,0.0,0.7735512867339485,22.214192476259107,0.0,7.025516184946705,0.0,17.563790462366764
2024-05-16 08:00:00,0.0,0.7735512867339485,7.776991767656877,0.0,6.329320026886151,0.0,15.82330006721538
2024-05-16 09:00:00,0.0,0.19888246730723672,0.0,27.31899468412613,5.633123868825598,0.0,14.082809672063995
2024-05-16 10:00:00,0.0,0.7735512867339485,12.175756917904668,0.0,5.454129648249085,0.0,13.63532412062271
2024-05-16 11:00:00,0.8595014297043873,0.0,0.0,0.12082436830796461,4.757933490188531,0.0,11.894833725471328
2024-05-16 12:00:00,0.8595014297043873,0.0,0.0,4.47612414799972,5.53148477692248,0.0,13.8287119423062
2024-05-16 13:00:00,0.0,0.5835278775650536,0.0,0.0,6.305036063656429,0.0,15.762590159141071
2024-05-16 14:00:00,0.0,0.7735512867339485,18.62383781056609,0.0,5.779860973847881,0.0,14.449652434619702
2024-05-16 15:00:00,0.0,0.0,12.925661692049022,0.0,5.083664815787327,0.0,12.70916203946832
2024-05-16 16:00:00,0.0,0.7735512867339485,20.770028306586976,0.0,5.083664815787327,0.0,12.70916203946832
2024-05-16 17:00:00,0.0,0.6967888896798168,25.469017354186963,0.0,4.387468657726774,0.0,10.968671644316935
2024-05-16 18:00:00,0.8595014297043873,0.0,42.90659964836191,0.0,4.0,0.0,10.0
2024-05-16 19:00:00,0.0,0.7735512867339485,50.55719774370734,0.0,4.773551286733949,0.0,11.933878216834874
2024-05-16 20:00:00,0.0,0.2935420743639942,41.32529633313804,0.0,4.077355128673395,0.0,10.193387821683489
2024-05-16 21:00:00,0.0,-0.0,49.97913053361051,0.0,4.0,0.0,10.0
2024-05-16 22:00:00,0.8595014297043873,0.0,23.9625129342292,0.0,4.0,0.0,10.0
2024-05-16 23:00:00,0.8595014297043873,0.0,23.77251580216652,0.0,4.773551286733949,0.0,11.933878216834874
2024-05-17 00:00:00,0.8595014297043873,0.0,19.37902676778795,0.0,5.547102573467898,0.0,13.867756433669745
2024-05-17 01:00:00,0.8595014297043873,0.0,24.143901974162194,0.0,6.320653860201847,0.0,15.801634650504617
2024-05-17 02:00:00,0.8595014297043873,0.0,19.285180898225917,0.0,7.094205146935796,0.0,17.73551286733949
2024-05-17 03:00:00,0.0,0.0,19.9256608836951,0.0,7.8677564336697445,0.0,19.66939108417436
2024-05-17 04:00:00,0.0,0.7735512867339485,17.17672372456416,0.0,7.8677564336697445,0.0,19.66939108417436
2024-05-17 05:00:00,0.8595014297043873,0.0,19.478602268578115,0.0,7.171560275609191,0.0,17.928900689022978
2024-05-17 06:00:00,0.0,0.7735512867339485,36.3795922579586,0.0,7.94511156234314,0.0,19.86277890585785
2024-05-17 07:00:00,0.0,0.7735512867339485,24.343567779510686,0.0,7.248915404282586,0.0,18.122288510706465
2024-05-17 08:00:00,0.0,0.7735512867339485,13.410907213264924,0.0,6.552719246222033,0.0,16.381798115555082
2024-05-17 09:00:00,0.0,0.7735512867339485,1.3590242425001189,0.0,5.856523088161479,0.0,14.641307720403699
2024-05-17 10:00:00,0.0,0.7735512867339485,4.950575395983037,0.0,5.160326930100926,0.0,12.900817325252314
2024-05-17 11:00:00,0.41286167740177365,0.0,22.333795478120873,0.0,4.464130772040372,0.0,11.160326930100931
2024-05-17 12:00:00,0.0,0.0,5.177005220795955,0.0,4.8357062817019685,0.0,12.089265704254922
2024-05-17 13:00:00,0.8595014297043873,0.0,0.0,9.924859456334744,4.8357062817019685,0.0,12.089265704254922
2024-05-17 14:00:00,0.0,0.0,9.156324202294776,0.0,5.609257568435917,0.0,14.023143921089792
2024-05-17 15:00:00,0.8595014297043873,0.0,0.0,3.1292614745023783,5.609257568435917,0.0,14.023143921089792
2024-05-17 16:00:00,0.0,0.7735512867339485,12.896852320903886,0.0,6.382808855169866,0.0,15.957022137924664
2024-05-17 17:00:00,0.0,0.7735512867339485,30.09277349788999,0.0,5.686612697109313,0.0,14.216531742773281
2024-05-17 18:00:00,0.0,0.7735512867339485,32.1115229414219,0.0,4.990416539048759,0.0,12.476041347621898
2024-05-17 19:00:00,2.848269648616867,0.0,46.537873400155206,0.0,4.294220380988206,0.0,10.735550952470515
2024-05-17 20:00:00,0.0,3.6799305293134594,52.21061178964554,0.0,6.857663064743386,0.0,17.14415766185847
2024-05-17 21:00:00,0.0,-0.0,45.89571838152457,0.0,4.0,0.0,10.0
2024-05-17 22:00:00,0.0,-0.0,13.968370316599804,0.0,4.0,0.0,10.0
2024-05-17 23:00:00,0.0,0.0,20.58676821233975,0.0,4.0,0.0,10.0
2024-05-18 00:00:00,0.0,-0.0,14.09257203017348,0.0,4.0,0.0,10.0
2024-05-18 01:00:00,-0.0,0.0,17.106498185217124,0.0,4.0,0.0,10.0
2024-05-18 02:00:00,-0.0,0.0,15.21728515765238,0.0,4.0,0.0,10.0
2024-05-18 03:00:00,-0.0,0.0,14.825740309694636,0.0,4.0,0.0,10.0
2024-05-18 04:00:00,0.8595014297043873,0.0,17.007692575855746,0.0,4.0,0.0,10.0
2024-05-18 05:00:00,0.8595014297043873,0.0,0.0,2.7712858603874952,4.773551286733949,0.0,11.933878216834874
2024-05-18 06:00:00,0.0,0.0,0.0,25.44775847178832,5.547102573467898,0.0,13.867756433669745
2024-05-18 07:00:00,0.0,0.7735512867339485,0.0,22.182580141242067,5.547102573467898,0.0,13.867756433669745
2024-05-18 08:00:00,0.0,0.7735512867339485,0.0,56.86964220340877,4.850906415407344,0.0,12.12726603851836
2024-05-18 09:00:00,0.8595014297043873,0.0,0.0,65.41209177865821,4.154710257346791,0.0,10.386775643366978
2024-05-18 10:00:00,0.8595014297043873,0.0,0.0,41.21296014897357,4.92826154408074,0.0,12.32065386020185
2024-05-18 11:00:00,30.0,26.22644871326605,0.0,70.0,5.7018128308146885,0.3462725363382013,14.254532077036721
2024-05-18 12:00:00,0.0,0.7735512867339485,0.0,65.51692501302301,9.098008988875245,0.0,22.74502247218811
2024-05-18 13:00:00,0.0,0.7735512867339485,0.0,69.43820072945721,8.401812830814691,0.0,21.00453207703673
2024-05-18 14:00:00,0.0,0.7735512867339485,0.0,41.975866787098326,7.705616672754138,0.0,19.264041681885345
2024-05-18 15:00:00,0.0,0.7735512867339485,0.0,17.67145271882821,7.009420514693584,0.0,17.52355128673396
2024-05-18 16:00:00,0.0,0.7735512867339485,0.0,6.241042257130983,6.313224356633031,0.0,15.783060891582576
2024-05-18 17:00:00,0.8595014297043873,0.0,0.0,10.604027013939152,5.617028198572477,0.0,14.042570496431193
2024-05-18 18:00:00,0.0,0.7735512867339485,14.10891640760568,0.0,6.390579485306426,0.0,15.976448713266064
2024-05-18 19:00:00,0.0,0.7735512867339485,12.869044631770514,0.0,5.694383327245872,0.0,14.23595831811468
2024-05-18 20:00:00,0.0,0.7735512867339485,11.678352269937218,0.0,4.998187169185319,0.0,12.495467922963297
2024-05-18 21:00:00,0.0,0.7735512867339485,17.88362795697886,0.0,4.301991011124765,0.0,10.754977527811912
2024-05-18 22:00:00,0.0,0.0,15.380047747284992,0.0,4.0,0.0,10.0
2024-05-18 23:00:00,0.0,0.0,13.946361521121194,0.0,4.0,0.0,10.0
2024-05-19 00:00:00,0.0,-0.0,13.505690033451277,0.0,4.0,0.0,10.0
2024-05-19 01:00:00,0.0,0.0,12.737739712948034,0.0,4.0,0.0,10.0
2024-05-19 02:00:00,0.0,-0.0,13.99055039154495,0.0,4.0,0.0,10.0
2024-05-19 03:00:00,0.0,0.0,15.369324786980432,0.0,4.0,0.0,10.0
2024-05-19 04:00:00,0.0,0.0,10.475585804856864,0.0,4.0,0.0,10.0
2024-05-19 05:00:00,-0.0,0.0,2.3181047283330045,0.0,4.0,0.0,10.0
2024-05-19 06:00:00,0.8595014297043873,0.0,0.0,10.539826899029263,4.0,0.0,10.0
2024-05-19 07:00:00,0.0,0.7735512867339485,0.0,35.80715925803034,4.773551286733949,0.0,11.933878216834874
2024-05-19 08:00:00,30.0,26.226448713266052,0.0,70.0,4.077355128673395,0.5486124781348849,10.193387821683489
2024-05-19 09:00:00,30.0,26.226448713266052,0.0,70.0,7.473551286733949,15.77314662413687,18.683878216834874
2024-05-19 10:00:00,30.0,26.22644871326605,0.0,70.0,10.869747444794502,23.77833402833792,27.174368611986253
2024-05-19 11:00:00,30.0,26.226448713266052,0.0,70.0,14.265943602855058,43.658569275312274,35.66485900713764
2024-05-19 12:00:00,30.0,26.22644871326605,0.0,70.0,17.66213976091561,45.3737035643222,44.155349402289026
2024-05-19 13:00:00,30.0,26.22644871326605,0.0,70.0,21.05833591897617,38.65716540663692,52.645839797440416
2024-05-19 14:00:00,30.0,26.22644871326605,0.0,70.0,24.454532077036724,20.156023063708542,61.136330192591814
2024-05-19 15:00:00,0.0,0.7735512867339485,0.0,66.42379699881755,27.85072823509728,0.0,69.6268205877432
2024-05-19 16:00:00,0.0,0.7735512867339485,0.0,44.67824161284587,27.154532077036723,0.0,67.8863301925918
2024-05-19 17:00:00,0.0,0.7735512867339485,0.0,18.66251511706553,26.458335918976168,0.0,66.14583979744042
2024-05-19 18:00:00,0.0,2.1999045273244366,0.0,0.0,25.762139760915613,0.0,64.40534940228903
2024-05-19 19:00:00,0.0,0.7735512867339485,9.899229901292678,0.0,23.78222568632362,0.0,59.455564215809055
2024-05-19 20:00:00,0.0,17.80952141297601,0.0,0.0,23.086029528263065,0.0,57.71507382065766
2024-05-19 21:00:00,0.0,0.7735512867339485,11.750098174158117,0.0,7.057460256584655,0.0,17.643650641461637
2024-05-19 22:00:00,0.0,0.7735512867339485,9.305006126058752,0.0,6.361264098524101,0.0,15.903160246310252
2024-05-19 23:00:00,0.8595014297043873,0.0,15.21062370284105,0.0,5.665067940463548,0.0,14.162669851158869
2024-05-20 00:00:00,0.0,0.7735512867339485,17.41327928975642,0.0,6.4386192271974965,0.0,16.09654806799374
2024-05-20 01:00:00,0.0,0.0,18.98004866951293,0.0,5.742423069136943,0.0,14.356057672842356
2024-05-20 02:00:00,0.0,0.0,19.67170569437489,0.0,5.742423069136943,0.0,14.356057672842356
2024-05-20 03:00:00,0.0,0.7735512867339485,16.97135967285018,0.0,5.742423069136943,0.0,14.356057672842356
2024-05-20 04:00:00,0.8595014297043873,0.0,20.239868626219796,0.0,5.046226911076389,0.0,12.615567277690973
2024-05-20 05:00:00,0.0,0.7735512867339485,13.24916152638076,0.0,5.819778197810338,0.0,14.549445494525845
2024-05-20 06:00:00,0.0,0.7735512867339485,30.103535515830522,0.0,5.123582039749785,0.0,12.808955099374462
2024-05-20 07:00:00,0.0,0.7735512867339485,17.887273701404293,0.0,4.427385881689231,0.0,11.068464704223077
2024-05-20 08:00:00,0.0,0.0,0.0,4.555465681123636,4.0,0.0,10.0
2024-05-20 09:00:00,0.0,-0.0,0.0,40.9978443218886,4.0,0.0,10.0
2024-05-20 10:00:00,0.8595014297043873,0.0,0.0,24.85237740485639,4.0,0.0,10.0
2024-05-20 11:00:00,0.8595014297043873,0.0,0.0,17.971639966493598,4.773551286733949,0.0,11.933878216834874
2024-05-20 12:00:00,0.0,0.0,0.0,26.328983931610786,5.547102573467898,0.0,13.867756433669745
2024-05-20 13:00:00,0.8595014297043873,0.0,0.0,57.933459753170816,5.547102573467898,0.0,13.867756433669745
2024-05-20 14:00:00,0.8595014297043873,0.0,0.0,44.55352777650865,6.320653860201847,0.0,15.801634650504617
2024-05-20 15:00:00,0.0,0.7735512867339485,0.0,40.12292297841469,7.094205146935796,0.0,17.73551286733949
2024-05-20 16:00:00,0.8595014297043873,0.0,0.0,14.245331843373222,6.398008988875242,0.0,15.995022472188106
2024-05-20 17:00:00,0.0,0.7735512867339485,19.099352786913883,0.0,7.171560275609191,0.0,17.928900689022978
2024-05-20 18:00:00,0.0,0.7735512867339485,37.63809886916278,0.0,6.475364117548637,0.0,16.188410293871595
2024-05-20 19:00:00,0.0,0.7735512867339485,43.16421829302844,0.0,5.779167959488084,0.0,14.44791989872021
2024-05-20 20:00:00,0.0,0.7735512867339485,35.44281238562461,0.0,5.08297180142753,0.0,12.707429503568827
2024-05-20 21:00:00,0.0,0.7735512867339485,40.69414009448094,0.0,4.386775643366977,0.0,10.966939108417442
2024-05-20 22:00:00,0.0,0.0,23.053350643495804,0.0,4.0,0.0,10.0
2024-05-20 23:00:00,0.0,0.0,19.803475728805125,0.0,4.0,0.0,10.0
2024-05-21 00:00:00,0.8595014297043873,0.0,21.06577255684353,0.0,4.0,0.0,10.0
2024-05-21 01:00:00,0.8595014297043873,0.0,22.661264303357466,0.0,4.773551286733949,0.0,11.933878216834874
2024-05-21 02:00:00,0.8595014297043873,0.0,19.583512634699456,0.0,5.547102573467898,0.0,13.867756433669745
2024-05-21 03:00:00,0.0,0.0,14.50978850592554,0.0,6.320653860201847,0.0,15.801634650504617
2024-05-21 04:00:00,0.0,0.7735512867339485,17.13466561820642,0.0,6.320653860201847,0.0,15.801634650504617
2024-05-21 05:00:00,0.0,0.0,11.592978689003251,0.0,5.624457702141293,0.0,14.061144255353234
2024-05-21 06:00:00,0.0,0.7735512867339485,18.230504933012615,0.0,5.624457702141293,0.0,14.061144255353234
2024-05-21 07:00:00,0.0,0.0,0.0,0.6713941451085645,4.92826154408074,0.0,12.32065386020185
2024-05-21 08:00:00,0.0,0.0,0.0,37.94116500825358,4.92826154408074,0.0,12.32065386020185
2024-05-21 09:00:00,0.0,0.7735512867339485,0.0,20.57055501572345,4.92826154408074,0.0,12.32065386020185
2024-05-21 10:00:00,0.0,0.0,4.19897978888072,0.0,4.232065386020186,0.0,10.580163465050466
2024-05-21 11:00:00,0.8595014297043873,0.0,0.0,33.32881521826692,4.232065386020186,0.0,10.580163465050466
2024-05-21 12:00:00,0.8595014297043873,0.0,0.0,57.4850993994033,5.005616672754135,0.0,12.514041681885338
2024-05-21 13:00:00,0.8595014297043873,0.0,0.0,19.27511029004455,5.779167959488084,0.0,14.44791989872021
2024-05-21 14:00:00,0.0,0.4042730132043768,0.0,35.435206722977576,6.552719246222033,0.0,16.381798115555082
2024-05-21 15:00:00,0.8595014297043873,0.0,0.0,34.55378291871922,6.188873534338094,0.0,15.472183835845236
2024-05-21 16:00:00,0.0,0.7735512867339485,20.344259255980333,0.0,6.962424821072043,0.0,17.406062052680106
2024-05-21 17:00:00,0.0,0.7735512867339485,43.29868982221284,0.0,6.266228663011489,0.0,15.665571657528723
2024-05-21 18:00:00,0.0,0.7735512867339485,43.82543023046097,0.0,5.570032504950936,0.0,13.92508126237734
2024-05-21 19:00:00,0.0,0.7735512867339485,35.1542001559108,0.0,4.873836346890382,0.0,12.184590867225955
2024-05-21 20:00:00,0.0,0.6740971208215908,42.420182409743845,0.0,4.1776401888298285,0.0,10.444100472074572
2024-05-21 21:00:00,0.0,-0.0,49.15007948600055,0.0,4.0,0.0,10.0
2024-05-21 22:00:00,0.8595014297043873,0.0,18.907720988157376,0.0,4.0,0.0,10.0
2024-05-21 23:00:00,0.8595014297043873,0.0,22.775284217878628,0.0,4.773551286733949,0.0,11.933878216834874
2024-05-22 00:00:00,0.8595014297043873,0.0,17.65453228031057,0.0,5.547102573467898,0.0,13.867756433669745
2024-05-22 01:00:00,0.8595014297043873,0.0,18.7305593441772,0.0,6.320653860201847,0.0,15.801634650504617
2024-05-22 02:00:00,0.0,0.0,21.72672153731822,0.0,7.094205146935796,0.0,17.73551286733949
2024-05-22 03:00:00,0.8595014297043873,0.0,15.761203243760168,0.0,7.094205146935796,0.0,17.73551286733949
2024-05-22 04:00:00,0.0,0.0,15.078273202919602,0.0,7.8677564336697445,0.0,19.66939108417436
2024-05-22 05:00:00,0.0,0.7735512867339485,7.399124481772061,0.0,7.8677564336697445,0.0,19.66939108417436
2024-05-22 06:00:00,0.0,0.7735512867339485,20.709022197312134,0.0,7.171560275609191,0.0,17.928900689022978
2024-05-22 07:00:00,0.0,0.7735512867339485,15.882813978192978,0.0,6.475364117548637,0.0,16.188410293871595
2024-05-22 08:00:00,0.8595014297043873,0.0,0.0,2.736416706654836,5.779167959488084,0.0,14.44791989872021
2024-05-22 09:00:00,0.0,0.7735512867339485,7.012411703491281,0.0,6.552719246222033,0.0,16.381798115555082
2024-05-22 10:00:00,0.0,0.7735512867339485,7.669519476273333,0.0,5.856523088161479,0.0,14.641307720403699
2024-05-22 11:00:00,0.0,0.0,4.616110110412848,0.0,5.160326930100926,0.0,12.900817325252314
2024-05-22 12:00:00,0.0,0.5353746817901539,29.687062128604918,0.0,5.160326930100926,0.0,12.900817325252314
2024-05-22 13:00:00,0.0,0.0,36.17196956147351,0.0,4.678489716489787,0.0,11.69622429122447
2024-05-22 14:00:00,0.0,0.0,38.02840828788922,0.0,4.678489716489787,0.0,11.69622429122447
2024-05-22 15:00:00,0.0,0.0,34.50928978598321,0.0,4.678489716489787,0.0,11.69622429122447
2024-05-22 16:00:00,0.5772418880047061,0.0,41.3217183616194,0.0,4.678489716489787,0.0,11.69622429122447
2024-05-22 17:00:00,0.0,0.7735512867339485,18.085703420310356,0.0,5.198007415694023,0.0,12.995018539235057
2024-05-22 18:00:00,0.0,0.7735512867339485,31.628846217174257,0.0,4.501811257633469,0.0,11.254528144083672
2024-05-22 19:00:00,0.0,0.0,43.12859630118114,0.0,4.0,0.0,10.0
2024-05-22 20:00:00,0.0,-0.0,48.87731579579559,0.0,4.0,0.0,10.0
2024-05-22 21:00:00,0.0,-0.0,41.42481739796473,0.0,4.0,0.0,10.0
2024-05-22 22:00:00,0.8595014297043873,0.0,18.850841458082837,0.0,4.0,0.0,10.0
2024-05-22 23:00:00,0.8595014297043873,0.0,24.371960203952373,0.0,4.773551286733949,0.0,11.933878216834874
2024-05-23 00:00:00,0.8595014297043873,0.0,23.598574618914185,0.0,5.547102573467898,0.0,13.867756433669745
2024-05-23 01:00:00,0.8595014297043873,0.0,18.33202607917048,0.0,6.320653860201847,0.0,15.801634650504617
2024-05-23 02:00:00,0.0,0.0,24.792776461672883,0.0,7.094205146935796,0.0,17.73551286733949
2024-05-23 03:00:00,0.0,0.7735512867339485,17.120596337867877,0.0,7.094205146935796,0.0,17.73551286733949
2024-05-23 04:00:00,0.8595014297043873,0.0,16.997042622054977,0.0,6.398008988875242,0.0,15.995022472188106
2024-05-23 05:00:00,0.0,0.0,7.689335943052093,0.0,7.171560275609191,0.0,17.928900689022978
2024-05-23 06:00:00,0.0,0.7735512867339485,7.077800187098262,0.0,7.171560275609191,0.0,17.928900689022978
2024-05-23 07:00:00,0.0,0.7735512867339485,0.0,19.02396476056824,6.475364117548637,0.0,16.188410293871595
2024-05-23 08:00:00,0.0,0.7735512867339485,18.923150507630524,0.0,5.779167959488084,0.0,14.44791989872021
2024-05-23 09:00:00,0.0,0.0,0.0,12.092936557817943,5.08297180142753,0.0,12.707429503568827
2024-05-23 10:00:00,0.8595014297043873,0.0,0.0,16.28909865105689,5.08297180142753,0.0,12.707429503568827
2024-05-23 11:00:00,0.0,0.7735512867339485,0.0,67.65124584223334,5.856523088161479,0.0,14.641307720403699
2024-05-23 12:00:00,0.8595014297043873,0.0,0.0,33.23661140009998,5.160326930100926,0.0,12.900817325252314
2024-05-23 13:00:00,0.0,0.0,0.0,21.829870109629475,5.9338782168348745,0.0,14.834695542087188
2024-05-23 14:00:00,0.0,0.7735512867339485,17.622059148343244,0.0,5.9338782168348745,0.0,14.834695542087188
2024-05-23 15:00:00,0.0,0.7735512867339485,26.106684558061566,0.0,5.237682058774321,0.0,13.094205146935803
2024-05-23 16:00:00,0.8595014297043873,0.0,38.10552611995874,0.0,4.541485900713767,0.0,11.35371475178442
2024-05-23 17:00:00,0.0,0.7735512867339485,42.74503330078733,0.0,5.315037187447716,0.0,13.287592968619292
2024-05-23 18:00:00,0.0,0.7735512867339485,41.03241436519632,0.0,4.618841029387163,0.0,11.547102573467907
2024-05-23 19:00:00,0.0,0.0,48.14890876251608,0.0,4.0,0.0,10.0
2024-05-23 20:00:00,0.0,-0.0,43.22699527041761,0.0,4.0,0.0,10.0
2024-05-23 21:00:00,0.0,0.0,41.12279303252144,0.0,4.0,0.0,10.0
2024-05-23 22:00:00,0.8595014297043873,0.0,22.38455625605586,0.0,4.0,0.0,10.0
2024-05-23 23:00:00,0.8595014297043873,0.0,20.16645115658415,0.0,4.773551286733949,0.0,11.933878216834874
2024-05-24 00:00:00,0.8595014297043873,0.0,26.685642377569774,0.0,5.547102573467898,0.0,13.867756433669745
2024-05-24 01:00:00,0.8595014297043873,0.0,17.334344357244493,0.0,6.320653860201847,0.0,15.801634650504617
2024-05-24 02:00:00,0.8595014297043873,0.0,23.50935541425625,0.0,7.094205146935796,0.0,17.73551286733949
2024-05-24 03:00:00,0.0,0.7735512867339485,20.968254188458342,0.0,7.8677564336697445,0.0,19.66939108417436
2024-05-24 04:00:00,0.8595014297043873,0.0,20.450366013308702,0.0,7.171560275609191,0.0,17.928900689022978
2024-05-24 05:00:00,0.8595014297043873,0.0,21.179718816481245,0.0,7.94511156234314,0.0,19.86277890585785
2024-05-24 06:00:00,0.0,0.0,40.27680474323261,0.0,8.718662849077088,0.0,21.79665712269272
2024-05-24 07:00:00,0.0,0.7735512867339485,43.92693157956685,0.0,8.718662849077088,0.0,21.79665712269272
2024-05-24 08:00:00,0.0,0.7735512867339485,29.50740254083395,0.0,8.022466691016534,0.0,20.056166727541335
2024-05-24 09:00:00,0.0,0.7735512867339485,13.944780174670942,0.0,7.326270532955981,0.0,18.315676332389952
2024-05-24 10:00:00,0.0,0.7735512867339485,22.785626001277418,0.0,6.630074374895427,0.0,16.57518593723857
2024-05-24 11:00:00,0.0,0.7735512867339485,32.350492424612185,0.0,5.933878216834874,0.0,14.834695542087184
2024-05-24 12:00:00,0.0,0.7735512867339485,27.834663397614896,0.0,5.23768205877432,0.0,13.0942051469358
2024-05-24 13:00:00,0.8595014297043873,0.0,23.197037748507164,0.0,4.5414859007137665,0.0,11.353714751784416
2024-05-24 14:00:00,0.0,0.34890754378419053,27.169262979591572,0.0,5.315037187447715,0.0,13.287592968619288
2024-05-24 15:00:00,0.0,0.0,8.175984873890503,0.0,5.001020398041944,0.0,12.50255099510486
2024-05-24 16:00:00,0.0,0.7044001835852837,19.582950613719344,0.0,5.001020398041944,0.0,12.50255099510486
2024-05-24 17:00:00,0.0,0.0,29.824029931582267,0.0,4.367060232815189,0.0,10.917650582037972
2024-05-24 18:00:00,0.8595014297043873,0.0,49.76130005788201,0.0,4.367060232815189,0.0,10.917650582037972
2024-05-24 19:00:00,0.0,0.7735512867339485,50.09351517229651,0.0,5.140611519549138,0.0,12.851528798872843
2024-05-24 20:00:00,0.0,0.7735512867339485,40.91046228533747,0.0,4.444415361488584,0.0,11.11103840372146
2024-05-24 21:00:00,0.0,-0.0,48.869222436194136,0.0,4.0,0.0,10.0
2024-05-24 22:00:00,0.0,-0.0,22.328800681664923,0.0,4.0,0.0,10.0
2024-05-24 23:00:00,0.0,0.0,20.75591120032585,0.0,4.0,0.0,10.0
2024-05-25 00:00:00,0.0,0.0,11.79294699906334,0.0,4.0,0.0,10.0
2024-05-25 01:00:00,0.8595014297043873,0.0,15.885771350355759,0.0,4.0,0.0,10.0
2024-05-25 02:00:00,0.0,0.0,10.82279359060343,0.0,4.773551286733949,0.0,11.933878216834874
2024-05-25 03:00:00,0.0,0.7735512867339485,12.518849740576963,0.0,4.773551286733949,0.0,11.933878216834874
2024-05-25 04:00:00,0.5333435692999492,0.0,13.78193315106329,0.0,4.077355128673395,0.0,10.193387821683489
2024-05-25 05:00:00,0.0,0.7735512867339485,5.985913802703225,0.0,4.55736434104335,0.0,11.393410852608374
2024-05-25 06:00:00,0.8595014297043873,0.0,0.0,10.42405361672091,4.0,0.0,10.0
2024-05-25 07:00:00,0.0,0.0,0.0,22.75721254904009,4.773551286733949,0.0,11.933878216834874
2024-05-25 08:00:00,0.0,0.7735512867339485,0.0,63.82448060500641,4.773551286733949,0.0,11.933878216834874
2024-05-25 09:00:00,30.0,26.226448713266052,0.0,70.0,4.077355128673395,0.37592644165627576,10.193387821683489
2024-05-25 10:00:00,30.0,26.226448713266052,0.0,70.0,7.473551286733949,32.990845560326406,18.683878216834874
2024-05-25 11:00:00,30.0,26.22644871326605,0.0,70.0,10.869747444794502,39.342758233893164,27.174368611986253
2024-05-25 12:00:00,30.0,26.226448713266052,0.0,70.0,14.265943602855058,38.247271023289926,35.66485900713764
2024-05-25 13:00:00,30.0,26.22644871326605,0.0,70.0,17.66213976091561,31.1694998556197,44.155349402289026
2024-05-25 14:00:00,30.0,26.22644871326605,0.0,70.0,21.05833591897617,13.099880216296835,52.645839797440416
2024-05-25 15:00:00,30.0,26.22644871326605,0.0,70.0,24.454532077036724,0.42780534147739147,61.136330192591814
2024-05-25 16:00:00,0.0,0.7735512867339485,0.0,47.79757750474347,27.85072823509728,0.0,69.6268205877432
2024-05-25 17:00:00,0.0,0.7735512867339485,0.0,15.060699037145632,27.154532077036723,0.0,67.8863301925918
2024-05-25 18:00:00,0.0,0.7735512867339485,2.188022751828107,0.0,26.458335918976168,0.0,66.14583979744042
2024-05-25 19:00:00,0.0,12.39062605932869,0.0,0.0,25.762139760915613,0.0,64.40534940228903
2024-05-25 20:00:00,0.0,0.7735512867339485,13.611065293395797,0.0,14.610576307519791,0.0,36.52644076879948
2024-05-25 21:00:00,0.0,0.7735512867339485,14.121812541920912,0.0,13.914380149459237,0.0,34.78595037364809
2024-05-25 22:00:00,0.0,0.7735512867339485,19.29449455404118,0.0,13.218183991398684,0.0,33.04545997849671
2024-05-25 23:00:00,0.0,0.7735512867339485,16.53547599148858,0.0,12.52198783333813,0.0,31.304969583345326
2024-05-26 00:00:00,0.0,0.7735512867339485,14.207421787043906,0.0,11.825791675277577,0.0,29.564479188193943
2024-05-26 01:00:00,0.0,0.7735512867339485,13.190749923870563,0.0,11.129595517217023,0.0,27.82398879304256
2024-05-26 02:00:00,0.0,0.7735512867339485,9.838291805604737,0.0,10.43339935915647,0.0,26.083498397891177
2024-05-26 03:00:00,0.0,0.7735512867339485,12.939568981984667,0.0,9.737203201095916,0.0,24.34300800273979
2024-05-26 04:00:00,0.0,0.7735512867339485,8.939722616469176,0.0,9.041007043035362,0.0,22.602517607588407
2024-05-26 05:00:00,0.5897002545468594,0.0,0.0,6.662124866811731,8.344810884974809,0.0,20.862027212437024
2024-05-26 06:00:00,0.0,0.7735512867339485,0.0,31.38760662522008,8.875541114066982,0.0,22.188852785167455
2024-05-26 07:00:00,0.0,0.7735512867339485,0.0,30.93265833694265,8.179344956006428,0.0,20.44836239001607
2024-05-26 08:00:00,0.0,0.7735512867339485,0.0,50.791463092414816,7.483148797945875,0.0,18.707871994864686
2024-05-26 09:00:00,0.0,0.7735512867339485,0.0,44.22818558253147,6.786952639885321,0.0,16.967381599713303
2024-05-26 10:00:00,0.0,0.0,0.0,22.539855006640714,6.0907564818247675,0.0,15.226891204561918
2024-05-26 11:00:00,0.8595014297043873,0.0,0.0,30.39677152311434,6.0907564818247675,0.0,15.226891204561918
2024-05-26 12:00:00,0.0,0.7735512867339485,0.0,8.496466222441555,6.864307768558716,0.0,17.16076942139679
2024-05-26 13:00:00,0.8595014297043873,0.0,0.0,15.648328049737678,6.168111610498163,0.0,15.420279026245407
2024-05-26 14:00:00,0.0,0.7735512867339485,0.0,22.63784748154412,6.941662897232112,0.0,17.35415724308028
2024-05-26 15:00:00,0.8462980818748389,0.0,0.0,3.1810119748868817,6.245466739171558,0.0,15.613666847928895
2024-05-26 16:00:00,0.0,0.5815570324533925,0.0,10.287689230448496,7.007135012858913,0.0,17.517837532147283
2024-05-26 17:00:00,0.0,0.0,0.0,16.351190410680857,6.4837336836508594,0.0,16.20933420912715
2024-05-26 18:00:00,0.0,0.7735512867339485,5.607748501164762,0.0,6.4837336836508594,0.0,16.20933420912715
2024-05-26 19:00:00,0.0,0.7735512867339485,10.994324282533496,0.0,5.787537525590306,0.0,14.468843813975765
2024-05-26 20:00:00,0.0,0.7735512867339485,14.089133851255802,0.0,5.091341367529752,0.0,12.728353418824382
2024-05-26 21:00:00,0.8595014297043873,0.0,15.997910387211396,0.0,4.395145209469199,0.0,10.987863023672997
2024-05-26 22:00:00,0.0,0.7735512867339485,12.810057658718058,0.0,5.168696496203148,0.0,12.92174124050787
2024-05-26 23:00:00,0.8595014297043873,0.0,14.367521974687756,0.0,4.472500338142594,0.0,11.181250845356486
2024-05-27 00:00:00,0.8595014297043873,0.0,25.05354204376332,0.0,5.246051624876543,0.0,13.115129062191357
2024-05-27 01:00:00,0.0,0.0,24.178042556168872,0.0,6.019602911610492,0.0,15.049007279026231
2024-05-27 02:00:00,0.0,0.0,18.366782782402936,0.0,6.019602911610492,0.0,15.049007279026231
2024-05-27 03:00:00,0.0,0.0,21.59543796851545,0.0,6.019602911610492,0.0,15.049007279026231
2024-05-27 04:00:00,0.0,0.0,14.192527987948765,0.0,6.019602911610492,0.0,15.049007279026231
2024-05-27 05:00:00,0.0,0.0,11.92096895040472,0.0,6.019602911610492,0.0,15.049007279026231
2024-05-27 06:00:00,0.0,0.7735512867339485,20.10571634460835,0.0,6.019602911610492,0.0,15.049007279026231
2024-05-27 07:00:00,0.0,0.7735512867339485,25.525402547862626,0.0,5.323406753549938,0.0,13.308516883874846
2024-05-27 08:00:00,0.0,0.7735512867339485,21.866404039340342,0.0,4.627210595489385,0.0,11.568026488723463
2024-05-27 09:00:00,0.0,-0.0,0.0,8.692539235391074,4.0,0.0,10.0
2024-05-27 10:00:00,0.8595014297043873,0.0,0.0,42.624932489094014,4.0,0.0,10.0
2024-05-27 11:00:00,0.8595014297043873,0.0,0.0,50.87498991243512,4.773551286733949,0.0,11.933878216834874
2024-05-27 12:00:00,30.0,26.226448713266052,0.0,70.0,5.547102573467898,8.691670068889408,13.867756433669745
2024-05-27 13:00:00,0.0,0.7735512867339485,0.0,59.78266393700186,8.94329873152845,0.0,22.358246828821127
2024-05-27 14:00:00,0.0,0.7735512867339485,0.0,45.037457664979094,8.247102573467897,0.0,20.617756433669744
2024-05-27 15:00:00,0.0,0.7735512867339485,0.0,30.766047445613097,7.5509064154073435,0.0,18.877266038518357
2024-05-27 16:00:00,0.8595014297043873,0.0,0.0,6.404231053631449,6.85471025734679,0.0,17.136775643366974
2024-05-27 17:00:00,0.0,0.7735512867339485,8.806299884362645,0.0,7.628261544080739,0.0,19.070653860201848
2024-05-27 18:00:00,0.0,0.7735512867339485,34.80396937745799,0.0,6.932065386020185,0.0,17.330163465050465
2024-05-27 19:00:00,0.0,0.7735512867339485,46.032019290493174,0.0,6.235869227959632,0.0,15.58967306989908
2024-05-27 20:00:00,0.0,0.7735512867339485,44.16944274718511,0.0,5.539673069899078,0.0,13.849182674747695
2024-05-27 21:00:00,0.0,2.4101535415888264,52.21061178964554,0.0,4.843476911838525,0.0,12.108692279596312
2024-05-27 22:00:00,0.0,-0.0,20.843680503411893,0.0,4.0,0.0,10.0
2024-05-27 23:00:00,0.0,0.0,19.66220287821641,0.0,4.0,0.0,10.0
2024-05-28 00:00:00,0.0,0.0,16.403147389244012,0.0,4.0,0.0,10.0
2024-05-28 01:00:00,0.8595014297043873,0.0,24.986866838119905,0.0,4.0,0.0,10.0
2024-05-28 02:00:00,0.0,0.7735512867339485,17.236481496619177,0.0,4.773551286733949,0.0,11.933878216834874
2024-05-28 03:00:00,0.8595014297043873,0.0,20.314780242664277,0.0,4.077355128673395,0.0,10.193387821683489
2024-05-28 04:00:00,0.0,0.0,15.14898665648872,0.0,4.850906415407344,0.0,12.12726603851836
2024-05-28 05:00:00,0.8595014297043873,0.0,0.0,4.06614307410981,4.850906415407344,0.0,12.12726603851836
2024-05-28 06:00:00,0.8595014297043873,0.0,0.0,4.698234462757156,5.624457702141293,0.0,14.061144255353234
2024-05-28 07:00:00,0.0,0.7735512867339485,0.0,27.700925834324956,6.398008988875242,0.0,15.995022472188106
2024-05-28 08:00:00,0.0,0.7735512867339485,0.0,57.07535650459305,5.7018128308146885,0.0,14.254532077036721
2024-05-28 09:00:00,0.0,0.7735512867339485,0.0,62.08568910829743,5.005616672754135,0.0,12.514041681885338
2024-05-28 10:00:00,30.0,26.22644871326605,0.0,70.0,4.309420514693581,3.9157154420393105,10.773551286733953
2024-05-28 11:00:00,17.347356150596323,14.83906924880274,0.0,70.0,7.705616672754138,0.0,19.264041681885345
2024-05-28 12:00:00,30.0,26.226448713266052,0.0,70.0,9.963074884368362,13.423478883372525,24.907687210920905
2024-05-28 13:00:00,0.0,0.7735512867339485,0.0,64.51789485342597,13.359271042428915,0.0,33.39817760607229
2024-05-28 14:00:00,0.0,0.7735512867339485,0.0,65.60872951372525,12.663074884368362,0.0,31.657687210920905
2024-05-28 15:00:00,0.0,0.7735512867339485,0.0,36.388039277533636,11.966878726307808,0.0,29.917196815769522
2024-05-28 16:00:00,0.0,0.7735512867339485,0.0,20.32100266969907,11.270682568247254,0.0,28.176706420618135
2024-05-28 17:00:00,0.0,11.798049927939685,1.8537708601998109,0.0,10.5744864101867,0.0,26.436216025466752
2024-05-28 18:00:00,-0.0,0.0,36.10780404764173,0.0,4.0,0.0,10.0
2024-05-28 19:00:00,0.8595014297043873,0.0,45.19018582805893,0.0,4.0,0.0,10.0
2024-05-28 20:00:00,0.0,0.7735512867339485,43.09936034432355,0.0,4.773551286733949,0.0,11.933878216834874
2024-05-28 21:00:00,0.0,0.0,36.53294428425766,0.0,4.077355128673395,0.0,10.193387821683489
2024-05-28 22:00:00,0.0,0.2935420743639942,19.45084868755212,0.0,4.077355128673395,0.0,10.193387821683489
2024-05-28 23:00:00,0.0,-0.0,23.545264279017868,0.0,4.0,0.0,10.0
2024-05-29 00:00:00,0.0,0.0,14.400384164436511,0.0,4.0,0.0,10.0
2024-05-29 01:00:00,0.8595014297043873,0.0,19.238509474457086,0.0,4.0,0.0,10.0
2024-05-29 02:00:00,0.0,0.7735512867339485,15.75520807911083,0.0,4.773551286733949,0.0,11.933878216834874
2024-05-29 03:00:00,0.8595014297043873,0.0,23.114229577674518,0.0,4.077355128673395,0.0,10.193387821683489
2024-05-29 04:00:00,0.0,0.0,19.603778173132802,0.0,4.850906415407344,0.0,12.12726603851836
2024-05-29 05:00:00,0.8595014297043873,0.0,0.0,1.1605342933847604,4.850906415407344,0.0,12.12726603851836
2024-05-29 06:00:00,0.8595014297043873,0.0,0.0,0.8266359463831281,5.624457702141293,0.0,14.061144255353234
2024-05-29 07:00:00,0.0,0.7735512867339485,0.0,33.13752536304363,6.398008988875242,0.0,15.995022472188106
2024-05-29 08:00:00,0.0,0.7735512867339485,0.0,47.82963523443346,5.7018128308146885,0.0,14.254532077036721
2024-05-29 09:00:00,0.0,0.7735512867339485,0.0,68.50710547974205,5.005616672754135,0.0,12.514041681885338
2024-05-29 10:00:00,0.0,0.0,0.0,66.63350905221449,4.309420514693581,0.0,10.773551286733953
2024-05-29 11:00:00,2.900165503531007,1.8365976664439576,0.0,70.0,4.309420514693581,0.0,10.773551286733953
2024-05-29 12:00:00,30.0,26.22644871326605,0.0,70.0,5.266631568071926,1.7889016181997555,13.166578920179814
2024-05-29 13:00:00,26.541709482042933,23.11398724710469,0.0,70.0,8.662827726132482,0.0,21.657069315331206
2024-05-29 14:00:00,0.0,0.0,0.0,67.61133809790773,11.747777737576902,0.0,29.369444343942252
2024-05-29 15:00:00,0.0,0.7735512867339485,0.0,41.76741678764558,11.747777737576902,0.0,29.369444343942252
2024-05-29 16:00:00,0.0,0.7735512867339485,0.0,10.982455865833792,11.051581579516348,0.0,27.62895394879087
2024-05-29 17:00:00,0.0,6.9421755592791925,5.117916093660135,0.0,10.355385421455795,0.0,25.888463553639486
2024-05-29 18:00:00,0.0,0.0,31.38020953251224,0.0,4.107427418104521,0.0,10.268568545261303
2024-05-29 19:00:00,0.40654766388906,0.0,35.0238452508328,0.0,4.107427418104521,0.0,10.268568545261303
2024-05-29 20:00:00,0.0,0.7735512867339485,36.19203781417783,0.0,4.473320315604675,0.0,11.183300789011689
2024-05-29 21:00:00,0.8595014297043873,0.0,38.16195296116337,0.0,4.0,0.0,10.0
2024-05-29 22:00:00,0.8595014297043873,0.0,20.216178962696755,0.0,4.773551286733949,0.0,11.933878216834874
2024-05-29 23:00:00,0.8595014297043873,0.0,14.965723822005243,0.0,5.547102573467898,0.0,13.867756433669745
2024-05-30 00:00:00,0.0,0.0,22.263333472898832,0.0,6.320653860201847,0.0,15.801634650504617
2024-05-30 01:00:00,0.8595014297043873,0.0,25.960321238065248,0.0,6.320653860201847,0.0,15.801634650504617
2024-05-30 02:00:00,0.0,0.7552768196751292,19.58363195005064,0.0,7.094205146935796,0.0,17.73551286733949
2024-05-30 03:00:00,0.0,0.0,13.320179020019966,0.0,6.4144560092281795,0.0,16.03614002307045
2024-05-30 04:00:00,0.0,0.7735512867339485,18.79191780339803,0.0,6.4144560092281795,0.0,16.03614002307045
2024-05-30 05:00:00,0.8595014297043873,0.0,0.0,4.133854042873224,5.718259851167626,0.0,14.295649627919065
2024-05-30 06:00:00,0.8595014297043873,0.0,0.0,5.126941749866596,6.491811137901575,0.0,16.22952784475394
2024-05-30 07:00:00,0.0,0.7735512867339485,0.0,22.822012447848216,7.265362424635524,0.0,18.16340606158881
2024-05-30 08:00:00,0.0,0.7735512867339485,0.0,41.329042532437775,6.56916626657497,0.0,16.422915666437426
2024-05-30 09:00:00,0.0,7.107421838781941,0.0,69.21522083083316,5.872970108514417,0.0,14.682425271286043
2024-05-30 10:00:00,30.0,26.22644871326605,0.0,70.0,4.0,6.619165004569648,10.0
2024-05-30 11:00:00,30.0,26.226448713266052,0.0,70.0,7.396196158060556,10.835487419127915,18.49049039515139
2024-05-30 12:00:00,30.0,26.22644871326605,0.0,70.0,10.79239231612111,2.6808820570855936,26.980980790302773
2024-05-30 13:00:00,30.0,26.226448713266052,0.0,70.0,14.188588474181666,0.3280018761829808,35.47147118545416
2024-05-30 14:00:00,0.0,0.7735512867339485,0.0,56.74306276878781,17.58478463224222,0.0,43.961961580605546
2024-05-30 15:00:00,0.0,0.7735512867339485,0.0,34.71951418820939,16.888588474181663,0.0,42.221471185454156
2024-05-30 16:00:00,0.0,0.7735512867339485,0.0,14.02507597906689,16.192392316121108,0.0,40.480980790302766
2024-05-30 17:00:00,0.0,0.7735512867339485,16.780507357914892,0.0,15.496196158060554,0.0,38.74049039515138
2024-05-30 18:00:00,0.0,7.888913328846402,29.0778163889651,0.0,14.8,0.0,37.0
2024-05-30 19:00:00,0.0,0.7735512867339485,39.83775794511691,0.0,7.699978004038239,0.0,19.249945010095598
2024-05-30 20:00:00,0.0,9.077896812863639,30.46580074571312,0.0,7.003781845977685,0.0,17.509454614944215
2024-05-30 21:00:00,0.0,-0.0,50.33227113658955,0.0,4.0,0.0,10.0
2024-05-30 22:00:00,0.0,-0.0,23.0894824352337,0.0,4.0,0.0,10.0
2024-05-30 23:00:00,0.0,-0.0,21.63617601759658,0.0,4.0,0.0,10.0
